service_name,correct_device_name,correct_friendly_name,bad_device_name,phrase,error_result,retry_prompt
light.turn_on,light.living_room_lamp,Lámpara de la sala,light.livng_room_lamp,"Por favor enciende la <device_name>.","Error: Entidad light.livng_room_lamp no encontrada.","Intentaré con la lámpara de la sala."
climate.set_temperature,climate.hallway,Termostato del pasillo,climate.halway,"Configura el <device_name> a <temp_f> grados.","Error: Entidad climate.halway no encontrada.","Probando de nuevo con el termostato del pasillo."
fan.turn_off,fan.office,Ventilador de la oficina,fan.offce,"Apaga el <device_name>.","Error: Entidad fan.offce no encontrada.","Volveré a intentar con el ventilador de la oficina."
switch.turn_off,switch.luces_sala_de_estudio,Interruptor de luces de sala de estudio,switch.luces_estudio_sala,"Apaga las luces de la sala de estudio, por favor.","<MatchFailedError result=MatchTargetsResult(is_match=False, no_match_reason=<MatchFailedReason.NAME: 1>, states=[], no_match_name=None, areas=[], floors=[]), constraints=MatchTargetsConstraints(name='switch.luces_estudio_sala', area_name=None, floor_name=None, domains=None, device_classes=None, features=None, states=None, assistant='conversation', allow_duplicate_names=False, single_target=False), preferences=MatchTargetsPreferences(area_id=None, floor_id=None)>","Entendido, intentaré apagar el interruptor de luces de la sala de estudio."
switch.turn_on,switch.luces_taller,Interruptor de luces de taller,switch.luces_taller_extra,"Enciende el interruptor de luces del taller, por favor.","<MatchFailedError result=MatchTargetsResult(is_match=False, no_match_reason=<MatchFailedReason.NAME: 1>, states=[], no_match_name=None, areas=[], floors=[]), constraints=MatchTargetsConstraints(name='switch.luces_taller_extra', area_name=None, floor_name=None, domains=None, device_classes=None, features=None, states=None, assistant='conversation', allow_duplicate_names=False, single_target=False), preferences=MatchTargetsPreferences(area_id=None, floor_id=None)>","De acuerdo, lo intentaré con el interruptor de luces de taller."
fan.toggle,fan.dormitorio_derecho,Ventilador del dormitorio del lado derecho,fan.dormitorio_izquierdo,¿Puedes alternar el ventilador del dormitorio del lado derecho?,"<MatchFailedError result=MatchTargetsResult(is_match=False, no_match_reason=<MatchFailedReason.NAME: 1>, states=[], no_match_name=None, areas=[], floors=[]), constraints=MatchTargetsConstraints(name='fan.dormitorio_izquierdo', area_name=None, floor_name=None, domains=None, device_classes=None, features=None, states=None, assistant='conversation', allow_duplicate_names=False, single_target=False), preferences=MatchTargetsPreferences(area_id=None, floor_id=None)>","Vale, ahora lo intento con el ventilador del dormitorio del lado derecho."
fan.decrease_speed,fan.pasillo,ventilador de pasillo,fan.pasilloo,"Disminuye la velocidad del ventilador de pasillo, por favor.","<MatchFailedError result=MatchTargetsResult(is_match=False, no_match_reason=<MatchFailedReason.NAME: 1>, states=[], no_match_name=None, areas=[], floors=[]), constraints=MatchTargetsConstraints(name='fan.pasilloo', area_name=None, floor_name=None, domains=None, device_classes=None, features=None, states=None, assistant='conversation', allow_duplicate_names=False, single_target=False), preferences=MatchTargetsPreferences(area_id=None, floor_id=None)>","Entendido, lo intentaré con el ventilador de pasillo."
switch.toggle,switch.luces_escalera,Interruptor de luces de escalera,switch.luces_escaler,¿Puedes encender la luz de la escalera?,"<MatchFailedError result=MatchTargetsResult(is_match=False, no_match_reason=<MatchFailedReason.NAME: 1>, states=[], no_match_name=None, areas=[], floors=[]), constraints=MatchTargetsConstraints(name='switch.luces_escaler', area_name=None, floor_name=None, domains=None, device_classes=None, features=None, states=None, assistant='conversation', allow_duplicate_names=False, single_target=False), preferences=MatchTargetsPreferences(area_id=None, floor_id=None)>","Entendido, lo intentaré con el dispositivo correcto."
media_player.volume_down,media_player.altavoces_exteriores_de_patio,Altavoces exteriores para patio,media_player.altavoces_exteriores_del_patio,"Baja el volumen de los altavoces exteriores para el patio, por favor.","<MatchFailedError result=MatchTargetsResult(is_match=False, no_match_reason=<MatchFailedReason.NAME: 1>, states=[], no_match_name=None, areas=[], floors=[]), constraints=MatchTargetsConstraints(name='media_player.altavoces_exteriores_del_patio', area_name=None, floor_name=None, domains=None, device_classes=None, features=None, states=None, assistant='conversation', allow_duplicate_names=False, single_target=False), preferences=MatchTargetsPreferences(area_id=None, floor_id=None)>","Entendido, ahora lo intentaré con Altavoces exteriores para patio."
fan.increase_speed,fan.habitación_niños,ventilador de la habitación de los niños,fan.habitaciónniños,"Sube la velocidad del ventilador de la habitación de los niños, por favor.","<MatchFailedError result=MatchTargetsResult(is_match=False, no_match_reason=<MatchFailedReason.NAME: 1>, states=[], no_match_name=None, areas=[], floors=[]), constraints=MatchTargetsConstraints(name='fan.habitaciónniños', area_name=None, floor_name=None, domains=None, device_classes=None, features=None, states=None, assistant='conversation', allow_duplicate_names=False, single_target=False), preferences=MatchTargetsPreferences(area_id=None, floor_id=None)>","Entendido, lo intentaré con el ventilador de la habitación de los niños."
fan.increase_speed,fan.oficina,ventilador de oficina,fan.oficinas,Aumenta la velocidad del ventilador de oficina,"<MatchFailedError result=MatchTargetsResult(is_match=False, no_match_reason=<MatchFailedReason.NAME: 1>, states=[], no_match_name=None, areas=[], floors=[]), constraints=MatchTargetsConstraints(name='fan.oficinas', area_name=None, floor_name=None, domains=None, device_classes=None, features=None, states=None, assistant='conversation', allow_duplicate_names=False, single_target=False), preferences=MatchTargetsPreferences(area_id=None, floor_id=None)>","Entendido, intentaré con el ventilador de oficina."
garage_door.toggle,garage_door.principal_1,Puerta de garaje principal,garage_door.principal_1_main,¿Puedes abrir la puerta de garaje principal?,"<MatchFailedError result=MatchTargetsResult(is_match=False, no_match_reason=<MatchFailedReason.NAME: 1>, states=[], no_match_name=None, areas=[], floors=[]), constraints=MatchTargetsConstraints(name='garage_door.principal_1_main', area_name=None, floor_name=None, domains=None, device_classes=None, features=None, states=None, assistant='conversation', allow_duplicate_names=False, single_target=False), preferences=MatchTargetsPreferences(area_id=None, floor_id=None)>","Vale, lo intento con la puerta de garaje principal."
media_player.turn_on,media_player.chrome_cast_dormitorio,Dormitorio Chromecast,media_player.chromecast_dormit,"Por favor, enciende el Chromecast del dormitorio.","<MatchFailedError result=MatchTargetsResult(is_match=False, no_match_reason=<MatchFailedReason.NAME: 1>, states=[], no_match_name=None, areas=[], floors=[]), constraints=MatchTargetsConstraints(name='media_player.chromecast_dormit', area_name=None, floor_name=None, domains=None, device_classes=None, features=None, states=None, assistant='conversation', allow_duplicate_names=False, single_target=False), preferences=MatchTargetsPreferences(area_id=None, floor_id=None)>","Entendido, intentaré con el dispositivo correcto."
media_player.volume_down,media_player.onkyo_tx_sr,Receptor de cine en casa Onkyo,media_player.onkyo_tx_sr_receptor,Baja el volumen del receptor de cine en casa Onkyo.,"<MatchFailedError result=MatchTargetsResult(is_match=False, no_match_reason=<MatchFailedReason.NAME: 1>, states=[], no_match_name=None, areas=[], floors=[]), constraints=MatchTargetsConstraints(name='media_player.onkyo_tx_sr_receptor', area_name=None, floor_name=None, domains=None, device_classes=None, features=None, states=None, assistant='conversation', allow_duplicate_names=False, single_target=False), preferences=MatchTargetsPreferences(area_id=None, floor_id=None)>","Entendido, intentaré con el receptor Onkyo correcto."
media_player.media_play_pause,media_player.xbox_den,Consola Xbox,media_player.xbox_den_consola,¿Puedes pausar la reproducción en la consola Xbox?,"<MatchFailedError result=MatchTargetsResult(is_match=False, no_match_reason=<MatchFailedReason.NAME: 1>, states=[], no_match_name=None, areas=[], floors=[]), constraints=MatchTargetsConstraints(name='media_player.xbox_den_consola', area_name=None, floor_name=None, domains=None, device_classes=None, features=None, states=None, assistant='conversation', allow_duplicate_names=False, single_target=False), preferences=MatchTargetsPreferences(area_id=None, floor_id=None)>","Entendido, intentaré con el dispositivo correcto."
light.turn_off,light.kit_hogar_vivero_frontal,Luz delantera del cuarto de niños,light.kit_hogar_vivero_frontral,"Apaga la luz delantera del cuarto de niños, por favor.","<MatchFailedError result=MatchTargetsResult(is_match=False, no_match_reason=<MatchFailedReason.NAME: 1>, states=[], no_match_name=None, areas=[], floors=[]), constraints=MatchTargetsConstraints(name='light.kit_hogar_vivero_frontral', area_name=None, floor_name=None, domains=None, device_classes=None, features=None, states=None, assistant='conversation', allow_duplicate_names=False, single_target=False), preferences=MatchTargetsPreferences(area_id=None, floor_id=None)>","Entendido, lo intentaré con la luz correcta."
vacuum.stop,vacuum.pasillo_neato,Limpiador de caminos de pasillo,vacuum.pasill_neato,"Por favor, detén el limpiador de caminos de pasillo.","<MatchFailedError result=MatchTargetsResult(is_match=False, no_match_reason=<MatchFailedReason.NAME: 1>, states=[], no_match_name=None, areas=[], floors=[]), constraints=MatchTargetsConstraints(name='vacuum.pasill_neato', area_name=None, floor_name=None, domains=None, device_classes=None, features=None, states=None, assistant='conversation', allow_duplicate_names=False, single_target=False), preferences=MatchTargetsPreferences(area_id=None, floor_id=None)>","De acuerdo, lo intento con el dispositivo correcto."
fan.turn_off,fan.baño,ventilador de baño,fan.baño_ext,"Apaga el ventilador del baño, por favor.","<MatchFailedError result=MatchTargetsResult(is_match=False, no_match_reason=<MatchFailedReason.NAME: 1>, states=[], no_match_name=None, areas=[], floors=[]), constraints=MatchTargetsConstraints(name='fan.baño_ext', area_name=None, floor_name=None, domains=None, device_classes=None, features=None, states=None, assistant='conversation', allow_duplicate_names=False, single_target=False), preferences=MatchTargetsPreferences(area_id=None, floor_id=None)>","De acuerdo, lo intentaré con el ventilador de baño."
switch.turn_on,switch.luces_cuarto_de_juegos,Interruptor de luces de sala de juegos,switch.luces_cuarto_juego,"Enciende las luces del cuarto de juegos, por favor.","<MatchFailedError result=MatchTargetsResult(is_match=False, no_match_reason=<MatchFailedReason.NAME: 1>, states=[], no_match_name=None, areas=[], floors=[]), constraints=MatchTargetsConstraints(name='switch.luces_cuarto_juego', area_name=None, floor_name=None, domains=None, device_classes=None, features=None, states=None, assistant='conversation', allow_duplicate_names=False, single_target=False), preferences=MatchTargetsPreferences(area_id=None, floor_id=None)>","De acuerdo, lo intentaré con el Interruptor de luces de sala de juegos."
switch.turn_on,switch.luces_sauna,Interruptor de luces de sauna,switch.luces_saun,"Por favor, enciende el interruptor de luces del sauna.","<MatchFailedError result=MatchTargetsResult(is_match=False, no_match_reason=<MatchFailedReason.NAME: 1>, states=[], no_match_name=None, areas=[], floors=[]), constraints=MatchTargetsConstraints(name='switch.luces_saun', area_name=None, floor_name=None, domains=None, device_classes=None, features=None, states=None, assistant='conversation', allow_duplicate_names=False, single_target=False), preferences=MatchTargetsPreferences(area_id=None, floor_id=None)>","Voy a intentar con el dispositivo correcto, switch.luces_sauna."
vacuum.return_to_base,vacuum.salón_roomba,aspiradora de salón,vacuum.salón_roboma,"Por favor, lleva la aspiradora de salón a su base.","<MatchFailedError result=MatchTargetsResult(is_match=False, no_match_reason=<MatchFailedReason.NAME: 1>, states=[], no_match_name=None, areas=[], floors=[]), constraints=MatchTargetsConstraints(name='vacuum.salón_roboma', area_name=None, floor_name=None, domains=None, device_classes=None, features=None, states=None, assistant='conversation', allow_duplicate_names=False, single_target=False), preferences=MatchTargetsPreferences(area_id=None, floor_id=None)>","Entendido, intentaré con vacuum.salón_roomba."
lock.unlock,lock.puerta_piscina,Puerta de piscina,lock.puerta_piscinax,"Por favor, desbloquea la puerta de la piscina","<MatchFailedError result=MatchTargetsResult(is_match=False, no_match_reason=<MatchFailedReason.NAME: 1>, states=[], no_match_name=None, areas=[], floors=[]), constraints=MatchTargetsConstraints(name='lock.puerta_piscinax', area_name=None, floor_name=None, domains=None, device_classes=None, features=None, states=None, assistant='conversation', allow_duplicate_names=False, single_target=False), preferences=MatchTargetsPreferences(area_id=None, floor_id=None)>","Entendido, intentaré con la cerradura correcta (lock.puerta_piscina)."
light.turn_on,light.abajo_patio_mqtt,Luz del patio de abajo,light.patio_abajo_mqtt,"Por favor, enciende la luz del patio de abajo.","<MatchFailedError result=MatchTargetsResult(is_match=False, no_match_reason=<MatchFailedReason.NAME: 1>, states=[], no_match_name=None, areas=[], floors=[]), constraints=MatchTargetsConstraints(name='light.patio_abajo_mqtt', area_name=None, floor_name=None, domains=None, device_classes=None, features=None, states=None, assistant='conversation', allow_duplicate_names=False, single_target=False), preferences=MatchTargetsPreferences(area_id=None, floor_id=None)>","De acuerdo, intentaré con la luz del patio de abajo."
fan.decrease_speed,fan.dison_pure,Ventilador puro Dyson,fan.dyson_pure,Disminuye la velocidad del ventilador puro Dyson,"<MatchFailedError result=MatchTargetsResult(is_match=False, no_match_reason=<MatchFailedReason.NAME: 1>, states=[], no_match_name=None, areas=[], floors=[]), constraints=MatchTargetsConstraints(name='fan.dyson_pure', area_name=None, floor_name=None, domains=None, device_classes=None, features=None, states=None, assistant='conversation', allow_duplicate_names=False, single_target=False), preferences=MatchTargetsPreferences(area_id=None, floor_id=None)>","Entendido, intentaré con el dispositivo correcto (fan.dison_pure)."
media_player.media_play_pause,media_player.nintendo_switch,interruptor de nintendo,media_player.nintedo_sw,¿Puedes pausar la reproducción en el interruptor de Nintendo?,"<MatchFailedError result=MatchTargetsResult(is_match=False, no_match_reason=<MatchFailedReason.NAME: 1>, states=[], no_match_name=None, areas=[], floors=[]), constraints=MatchTargetsConstraints(name='media_player.nintedo_sw', area_name=None, floor_name=None, domains=None, device_classes=None, features=None, states=None, assistant='conversation', allow_duplicate_names=False, single_target=False), preferences=MatchTargetsPreferences(area_id=None, floor_id=None)>","Entendido, intentaré con el dispositivo correcto."
garage_door.toggle,garage_door.equipo_cesped,Puerta para equipo de césped,garage_door.cesped_equipo,¿Puedes abrir la puerta para el equipo de césped?,"<MatchFailedError result=MatchTargetsResult(is_match=False, no_match_reason=<MatchFailedReason.NAME: 1>, states=[], no_match_name=None, areas=[], floors=[]), constraints=MatchTargetsConstraints(name='garage_door.cesped_equipo', area_name=None, floor_name=None, domains=None, device_classes=None, features=None, states=None, assistant='conversation', allow_duplicate_names=False, single_target=False), preferences=MatchTargetsPreferences(area_id=None, floor_id=None)>","Entendido, intentaré con la puerta para equipo de césped."
switch.turn_on,switch.luces_del_comedor,Interruptor de luces del comedor,switch.luces_del_comedor_ext,Enciende las luces del comedor,"<MatchFailedError result=MatchTargetsResult(is_match=False, no_match_reason=<MatchFailedReason.NAME: 1>, states=[], no_match_name=None, areas=[], floors=[]), constraints=MatchTargetsConstraints(name='switch.luces_del_comedor_ext', area_name=None, floor_name=None, domains=None, device_classes=None, features=None, states=None, assistant='conversation', allow_duplicate_names=False, single_target=False), preferences=MatchTargetsPreferences(area_id=None, floor_id=None)>","Entendido, intentaré con el interruptor de luces del comedor."
fan.decrease_speed,fan.dison_pure,Ventilador puro Dyson,fan.dison_pur,Baja la velocidad del ventilador puro Dyson.,"<MatchFailedError result=MatchTargetsResult(is_match=False, no_match_reason=<MatchFailedReason.NAME: 1>, states=[], no_match_name=None, areas=[], floors=[]), constraints=MatchTargetsConstraints(name='fan.dison_pur', area_name=None, floor_name=None, domains=None, device_classes=None, features=None, states=None, assistant='conversation', allow_duplicate_names=False, single_target=False), preferences=MatchTargetsPreferences(area_id=None, floor_id=None)>","De acuerdo, lo intentaré con el Ventilador puro Dyson."
fan.decrease_speed,fan.patio,ventilador de patio,fan.patio_ext,¿Puedes reducir la velocidad del ventilador de patio?,"<MatchFailedError result=MatchTargetsResult(is_match=False, no_match_reason=<MatchFailedReason.NAME: 1>, states=[], no_match_name=None, areas=[], floors=[]), constraints=MatchTargetsConstraints(name='fan.patio_ext', area_name=None, floor_name=None, domains=None, device_classes=None, features=None, states=None, assistant='conversation', allow_duplicate_names=False, single_target=False), preferences=MatchTargetsPreferences(area_id=None, floor_id=None)>","Entendido, ahora lo intentaré con el ventilador de patio."
vacuum.start,vacuum.robot_esquina_izquierda,Succionador de suciedad de la esquina izquierda,vacuum.robot_esquina_izqierda,"Por favor, inicia la limpieza de la esquina izquierda.","<MatchFailedError result=MatchTargetsResult(is_match=False, no_match_reason=<MatchFailedReason.NAME: 1>, states=[], no_match_name=None, areas=[], floors=[]), constraints=MatchTargetsConstraints(name='vacuum.robot_esquina_izqierda', area_name=None, floor_name=None, domains=None, device_classes=None, features=None, states=None, assistant='conversation', allow_duplicate_names=False, single_target=False), preferences=MatchTargetsPreferences(area_id=None, floor_id=None)>","De acuerdo, lo intentaré con el Succionador de suciedad de la esquina izquierda."
light.toggle,light.cubierta_izquierda,Luz de cubierta izquierda,light.cubierta_izq_extra,"Enciende la luz de cubierta izquierda, por favor.","<MatchFailedError result=MatchTargetsResult(is_match=False, no_match_reason=<MatchFailedReason.NAME: 1>, states=[], no_match_name=None, areas=[], floors=[]), constraints=MatchTargetsConstraints(name='light.cubierta_izq_extra', area_name=None, floor_name=None, domains=None, device_classes=None, features=None, states=None, assistant='conversation', allow_duplicate_names=False, single_target=False), preferences=MatchTargetsPreferences(area_id=None, floor_id=None)>","De acuerdo, lo intento con la Luz de cubierta izquierda."
fan.increase_speed,fan.comedor,Ventilador del comedor,fan.comedorn,Aumenta la velocidad del ventilador del comedor.,"<MatchFailedError result=MatchTargetsResult(is_match=False, no_match_reason=<MatchFailedReason.NAME: 1>, states=[], no_match_name=None, areas=[], floors=[]), constraints=MatchTargetsConstraints(name='fan.comedorn', area_name=None, floor_name=None, domains=None, device_classes=None, features=None, states=None, assistant='conversation', allow_duplicate_names=False, single_target=False), preferences=MatchTargetsPreferences(area_id=None, floor_id=None)>","De acuerdo, lo intentaré con el ventilador del comedor."
media_player.volume_up,media_player.consola_sala_de_juegos,Consola de sala de juegos,media_player.consola_sala_de_jueg,Sube el volumen de la consola de sala de juegos,"<MatchFailedError result=MatchTargetsResult(is_match=False, no_match_reason=<MatchFailedReason.NAME: 1>, states=[], no_match_name=None, areas=[], floors=[]), constraints=MatchTargetsConstraints(name='media_player.consola_sala_de_jueg', area_name=None, floor_name=None, domains=None, device_classes=None, features=None, states=None, assistant='conversation', allow_duplicate_names=False, single_target=False), preferences=MatchTargetsPreferences(area_id=None, floor_id=None)>","Entendido, intentaré con la consola de sala de juegos."
media_player.turn_off,media_player.ipad_cocina,iPad de cocina,media_player.ipad_cocinax,"Apaga el iPad de la cocina, por favor.","<MatchFailedError result=MatchTargetsResult(is_match=False, no_match_reason=<MatchFailedReason.NAME: 1>, states=[], no_match_name=None, areas=[], floors=[]), constraints=MatchTargetsConstraints(name='media_player.ipad_cocinax', area_name=None, floor_name=None, domains=None, device_classes=None, features=None, states=None, assistant='conversation', allow_duplicate_names=False, single_target=False), preferences=MatchTargetsPreferences(area_id=None, floor_id=None)>","De acuerdo, lo intentaré con el iPad de cocina."
lock.unlock,lock.puerta_frontal_1,Cerradura de entrada principal,lock.puerta_frontal_1a,¿Puedes desbloquear la puerta de entrada principal?,"<MatchFailedError result=MatchTargetsResult(is_match=False, no_match_reason=<MatchFailedReason.NAME: 1>, states=[], no_match_name=None, areas=[], floors=[]), constraints=MatchTargetsConstraints(name='lock.puerta_frontal_1a', area_name=None, floor_name=None, domains=None, device_classes=None, features=None, states=None, assistant='conversation', allow_duplicate_names=False, single_target=False), preferences=MatchTargetsPreferences(area_id=None, floor_id=None)>","Entendido, intentaré con la cerradura de entrada principal."
fan.decrease_speed,fan.cuarto_de_huéspedes,ventilador de la habitación de invitados,fan.cuarto_de_huéspedes_extra,Baja la velocidad del ventilador de la habitación de invitados.,"<MatchFailedError result=MatchTargetsResult(is_match=False, no_match_reason=<MatchFailedReason.NAME: 1>, states=[], no_match_name=None, areas=[], floors=[]), constraints=MatchTargetsConstraints(name='fan.cuarto_de_huéspedes_extra', area_name=None, floor_name=None, domains=None, device_classes=None, features=None, states=None, assistant='conversation', allow_duplicate_names=False, single_target=False), preferences=MatchTargetsPreferences(area_id=None, floor_id=None)>","Entendido, lo intentaré con el ventilador de la habitación de invitados."
blinds.open_cover,blinds.cochera,Persianas de garaje,blinds.cocherra,"Por favor, abre las persianas del garaje.","<MatchFailedError result=MatchTargetsResult(is_match=False, no_match_reason=<MatchFailedReason.NAME: 1>, states=[], no_match_name=None, areas=[], floors=[]), constraints=MatchTargetsConstraints(name='blinds.cocherra', area_name=None, floor_name=None, domains=None, device_classes=None, features=None, states=None, assistant='conversation', allow_duplicate_names=False, single_target=False), preferences=MatchTargetsPreferences(area_id=None, floor_id=None)>","De acuerdo, ahora intentaré con las persianas de garaje."
media_player.volume_down,media_player.nintendo_switch,interruptor de nintendo,media_player.nintendo_sw,Baja el volumen del interruptor de Nintendo,"<MatchFailedError result=MatchTargetsResult(is_match=False, no_match_reason=<MatchFailedReason.NAME: 1>, states=[], no_match_name=None, areas=[], floors=[]), constraints=MatchTargetsConstraints(name='media_player.nintendo_sw', area_name=None, floor_name=None, domains=None, device_classes=None, features=None, states=None, assistant='conversation', allow_duplicate_names=False, single_target=False), preferences=MatchTargetsPreferences(area_id=None, floor_id=None)>","Entendido, intentaré con el interruptor de Nintendo"
light.turn_off,light.espalda_comedor_calentito,Luz cálida del comedor trasero,light.comedor_espalda_calentito,¿Puedes apagar la luz del comedor trasero?,"<MatchFailedError result=MatchTargetsResult(is_match=False, no_match_reason=<MatchFailedReason.NAME: 1>, states=[], no_match_name=None, areas=[], floors=[]), constraints=MatchTargetsConstraints(name='light.comedor_espalda_calentito', area_name=None, floor_name=None, domains=None, device_classes=None, features=None, states=None, assistant='conversation', allow_duplicate_names=False, single_target=False), preferences=MatchTargetsPreferences(area_id=None, floor_id=None)>",Lo intentaré de nuevo con la Luz cálida del comedor trasero.
fan.turn_off,fan.isla_de_cocina,ventilador de cocina de refrigeración,fan.isla_cocina,"Apaga el ventilador de la cocina, por favor.","<MatchFailedError result=MatchTargetsResult(is_match=False, no_match_reason=<MatchFailedReason.NAME: 1>, states=[], no_match_name=None, areas=[], floors=[]), constraints=MatchTargetsConstraints(name='fan.isla_cocina', area_name=None, floor_name=None, domains=None, device_classes=None, features=None, states=None, assistant='conversation', allow_duplicate_names=False, single_target=False), preferences=MatchTargetsPreferences(area_id=None, floor_id=None)>","De acuerdo, intentaré apagar el ventilador de cocina de refrigeración."
light.turn_off,light.patio_1,Luz de patio exterior,light.patio_one,"Apaga la luz del patio exterior, por favor.","<MatchFailedError result=MatchTargetsResult(is_match=False, no_match_reason=<MatchFailedReason.NAME: 1>, states=[], no_match_name=None, areas=[], floors=[]), constraints=MatchTargetsConstraints(name='light.patio_one', area_name=None, floor_name=None, domains=None, device_classes=None, features=None, states=None, assistant='conversation', allow_duplicate_names=False, single_target=False), preferences=MatchTargetsPreferences(area_id=None, floor_id=None)>","De acuerdo, intentaré con la Luz de patio exterior."
vacuum.stop,vacuum.patio_puerta_vac,Limpiador de puertas de patio,vacuum.patio_puerta_vac_extra,¿Puedes detener el limpiador de puertas de patio?,"<MatchFailedError result=MatchTargetsResult(is_match=False, no_match_reason=<MatchFailedReason.NAME: 1>, states=[], no_match_name=None, areas=[], floors=[]), constraints=MatchTargetsConstraints(name='vacuum.patio_puerta_vac_extra', area_name=None, floor_name=None, domains=None, device_classes=None, features=None, states=None, assistant='conversation', allow_duplicate_names=False, single_target=False), preferences=MatchTargetsPreferences(area_id=None, floor_id=None)>","Entendido, intentaré con el dispositivo correcto."
light.turn_off,light.front_library_ge,Luz frontal de la biblioteca,light.front_librar_ge,"Apaga la luz frontal de la biblioteca, por favor.","<MatchFailedError result=MatchTargetsResult(is_match=False, no_match_reason=<MatchFailedReason.NAME: 1>, states=[], no_match_name=None, areas=[], floors=[]), constraints=MatchTargetsConstraints(name='light.front_librar_ge', area_name=None, floor_name=None, domains=None, device_classes=None, features=None, states=None, assistant='conversation', allow_duplicate_names=False, single_target=False), preferences=MatchTargetsPreferences(area_id=None, floor_id=None)>","Entendido, ahora intentaré con la Luz frontal de la biblioteca."
switch.turn_on,switch.luces_cobertizo_para_botes,Interruptor de luces del cobertizo para botes,switch.luces_cobertizo_botes_para,"Enciende las luces del cobertizo para botes, por favor.","<MatchFailedError result=MatchTargetsResult(is_match=False, no_match_reason=<MatchFailedReason.NAME: 1>, states=[], no_match_name=None, areas=[], floors=[]), constraints=MatchTargetsConstraints(name='switch.luces_cobertizo_botes_para', area_name=None, floor_name=None, domains=None, device_classes=None, features=None, states=None, assistant='conversation', allow_duplicate_names=False, single_target=False), preferences=MatchTargetsPreferences(area_id=None, floor_id=None)>","Entendido, intentaré con el dispositivo correcto."
vacuum.return_to_base,vacuum.arriba_dyson,Eliminador de polvo de arriba,vacuum.arriba_dy,"¿Puedes hacer que el Eliminador de polvo de arriba vuelva a su base, por favor?","<MatchFailedError result=MatchTargetsResult(is_match=False, no_match_reason=<MatchFailedReason.NAME: 1>, states=[], no_match_name=None, areas=[], floors=[]), constraints=MatchTargetsConstraints(name='vacuum.arriba_dy', area_name=None, floor_name=None, domains=None, device_classes=None, features=None, states=None, assistant='conversation', allow_duplicate_names=False, single_target=False), preferences=MatchTargetsPreferences(area_id=None, floor_id=None)>","Entendido, intentaré con el dispositivo correcto."
light.turn_off,light.abajo_zen_homekit,Luz Zen de abajo,light.zen_abajo_homekit,"Por favor, apaga la luz Zen de abajo.","<MatchFailedError result=MatchTargetsResult(is_match=False, no_match_reason=<MatchFailedReason.NAME: 1>, states=[], no_match_name=None, areas=[], floors=[]), constraints=MatchTargetsConstraints(name='light.zen_abajo_homekit', area_name=None, floor_name=None, domains=None, device_classes=None, features=None, states=None, assistant='conversation', allow_duplicate_names=False, single_target=False), preferences=MatchTargetsPreferences(area_id=None, floor_id=None)>","De acuerdo, lo intentaré con la Luz Zen de abajo."
fan.decrease_speed,fan.porche,ventilador de techo para porche,fan.porche_izquierda,"Baja la velocidad del ventilador del porche, por favor.","<MatchFailedError result=MatchTargetsResult(is_match=False, no_match_reason=<MatchFailedReason.NAME: 1>, states=[], no_match_name=None, areas=[], floors=[]), constraints=MatchTargetsConstraints(name='fan.porche_izquierda', area_name=None, floor_name=None, domains=None, device_classes=None, features=None, states=None, assistant='conversation', allow_duplicate_names=False, single_target=False), preferences=MatchTargetsPreferences(area_id=None, floor_id=None)>","Entendido, intentaré con el ventilador de techo para porche."
light.turn_off,light.back_entryway_lifx,Luz de entrada trasera,light.back_entryway_lifx_extra,"Apaga la luz de la entrada trasera, por favor.","<MatchFailedError result=MatchTargetsResult(is_match=False, no_match_reason=<MatchFailedReason.NAME: 1>, states=[], no_match_name=None, areas=[], floors=[]), constraints=MatchTargetsConstraints(name='light.back_entryway_lifx_extra', area_name=None, floor_name=None, domains=None, device_classes=None, features=None, states=None, assistant='conversation', allow_duplicate_names=False, single_target=False), preferences=MatchTargetsPreferences(area_id=None, floor_id=None)>","De acuerdo, lo intento con la Luz de entrada trasera."
lock.lock,lock.perrera,Cerradura de perrera para animales,lock.perrera_ext,"Por favor, bloquea la cerradura de la perrera.","<MatchFailedError result=MatchTargetsResult(is_match=False, no_match_reason=<MatchFailedReason.NAME: 1>, states=[], no_match_name=None, areas=[], floors=[]), constraints=MatchTargetsConstraints(name='lock.perrera_ext', area_name=None, floor_name=None, domains=None, device_classes=None, features=None, states=None, assistant='conversation', allow_duplicate_names=False, single_target=False), preferences=MatchTargetsPreferences(area_id=None, floor_id=None)>","De acuerdo, intentaré bloquear la cerradura de perrera."
switch.turn_off,switch.luces_pasillo,Interruptor de luces del pasillo,switch.luces_pasill,"Apaga las luces del pasillo, por favor.","<MatchFailedError result=MatchTargetsResult(is_match=False, no_match_reason=<MatchFailedReason.NAME: 1>, states=[], no_match_name=None, areas=[], floors=[]), constraints=MatchTargetsConstraints(name='switch.luces_pasill', area_name=None, floor_name=None, domains=None, device_classes=None, features=None, states=None, assistant='conversation', allow_duplicate_names=False, single_target=False), preferences=MatchTargetsPreferences(area_id=None, floor_id=None)>","De acuerdo, lo intentaré con el interruptor de luces del pasillo."
light.toggle,light.abajo_zen_homekit,Luz Zen de abajo,light.zen_abajo_homekit,¿Puedes alternar la Luz Zen de abajo?,"<MatchFailedError result=MatchTargetsResult(is_match=False, no_match_reason=<MatchFailedReason.NAME: 1>, states=[], no_match_name=None, areas=[], floors=[]), constraints=MatchTargetsConstraints(name='light.zen_abajo_homekit', area_name=None, floor_name=None, domains=None, device_classes=None, features=None, states=None, assistant='conversation', allow_duplicate_names=False, single_target=False), preferences=MatchTargetsPreferences(area_id=None, floor_id=None)>","De acuerdo, lo intentaré con la Luz Zen de abajo."
switch.turn_on,switch.abridor_de_puerta_de_garage,Interruptor de apertura de puerta de garaje,switch.abridor_de_puerta_garaje_plus,"Por favor, enciende el interruptor de apertura de la puerta del garaje.","<MatchFailedError result=MatchTargetsResult(is_match=False, no_match_reason=<MatchFailedReason.NAME: 1>, states=[], no_match_name=None, areas=[], floors=[]), constraints=MatchTargetsConstraints(name='switch.abridor_de_puerta_garaje_plus', area_name=None, floor_name=None, domains=None, device_classes=None, features=None, states=None, assistant='conversation', allow_duplicate_names=False, single_target=False), preferences=MatchTargetsPreferences(area_id=None, floor_id=None)>","De acuerdo, lo intentaré con el interruptor de apertura de puerta de garaje."
light.turn_on,light.back_balcony_lifx,Luz trasera del balcón,light.back_balcony_lifx_aux,"Enciende la luz trasera del balcón, por favor.","<MatchFailedError result=MatchTargetsResult(is_match=False, no_match_reason=<MatchFailedReason.NAME: 1>, states=[], no_match_name=None, areas=[], floors=[]), constraints=MatchTargetsConstraints(name='light.back_balcony_lifx_aux', area_name=None, floor_name=None, domains=None, device_classes=None, features=None, states=None, assistant='conversation', allow_duplicate_names=False, single_target=False), preferences=MatchTargetsPreferences(area_id=None, floor_id=None)>","Entendido, intentaré con la luz trasera del balcón."
lock.unlock,lock.ascensor,Cerradura de ascensor privado,lock.ascenor,"Por favor, desbloquea la cerradura del ascensor privado.","<MatchFailedError result=MatchTargetsResult(is_match=False, no_match_reason=<MatchFailedReason.NAME: 1>, states=[], no_match_name=None, areas=[], floors=[]), constraints=MatchTargetsConstraints(name='lock.ascenor', area_name=None, floor_name=None, domains=None, device_classes=None, features=None, states=None, assistant='conversation', allow_duplicate_names=False, single_target=False), preferences=MatchTargetsPreferences(area_id=None, floor_id=None)>","De acuerdo, intentaré con la cerradura correcta."
switch.turn_off,switch.luces_cobertizo_para_botes,Interruptor de luces del cobertizo para botes,switch.luces_cobertizo_botes,Apaga las luces del cobertizo para los botes,"<MatchFailedError result=MatchTargetsResult(is_match=False, no_match_reason=<MatchFailedReason.NAME: 1>, states=[], no_match_name=None, areas=[], floors=[]), constraints=MatchTargetsConstraints(name='switch.luces_cobertizo_botes', area_name=None, floor_name=None, domains=None, device_classes=None, features=None, states=None, assistant='conversation', allow_duplicate_names=False, single_target=False), preferences=MatchTargetsPreferences(area_id=None, floor_id=None)>","Entendido, intentaré apagar el interruptor de luces del cobertizo para botes."
light.turn_on,light.estante_cocina_fresco,Estante De Cocina Luz Fría,light.estante_cocina_fresco_1,¿Puedes encender la luz del estante de la cocina fresca?,"<MatchFailedError result=MatchTargetsResult(is_match=False, no_match_reason=<MatchFailedReason.NAME: 1>, states=[], no_match_name=None, areas=[], floors=[]), constraints=MatchTargetsConstraints(name='light.estante_cocina_fresco_1', area_name=None, floor_name=None, domains=None, device_classes=None, features=None, states=None, assistant='conversation', allow_duplicate_names=False, single_target=False), preferences=MatchTargetsPreferences(area_id=None, floor_id=None)>","Entendido, intentaré con el dispositivo correcto."
vacuum.stop,vacuum.automatizador_doméstico_inteligente,Robot de limpieza del hogar inteligente,vacuum.automatizador_doméstico_inteli,"Por favor, detén el robot de limpieza del hogar inteligente.","<MatchFailedError result=MatchTargetsResult(is_match=False, no_match_reason=<MatchFailedReason.NAME: 1>, states=[], no_match_name=None, areas=[], floors=[]), constraints=MatchTargetsConstraints(name='vacuum.automatizador_doméstico_inteli', area_name=None, floor_name=None, domains=None, device_classes=None, features=None, states=None, assistant='conversation', allow_duplicate_names=False, single_target=False), preferences=MatchTargetsPreferences(area_id=None, floor_id=None)>","De acuerdo, lo intentaré con el dispositivo correcto."
media_player.media_play_pause,media_player.altavoz_pared_pasillo,Altavoz de pared para pasillo,media_player.altavoz_pasillo_pared,Reproduce o pausa la música en el altavoz de pared para el pasillo.,"<MatchFailedError result=MatchTargetsResult(is_match=False, no_match_reason=<MatchFailedReason.NAME: 1>, states=[], no_match_name=None, areas=[], floors=[]), constraints=MatchTargetsConstraints(name='media_player.altavoz_pasillo_pared', area_name=None, floor_name=None, domains=None, device_classes=None, features=None, states=None, assistant='conversation', allow_duplicate_names=False, single_target=False), preferences=MatchTargetsPreferences(area_id=None, floor_id=None)>","De acuerdo, ahora usaré el altavoz de pared para pasillo."
light.turn_on,light.front_observatorio_ge,Luz frontal del observatorio,light.front_observatorio_ger,Enciende la luz frontal del observatorio al 91% de brillo en blanco.,"<MatchFailedError result=MatchTargetsResult(is_match=False, no_match_reason=<MatchFailedReason.NAME: 1>, states=[], no_match_name=None, areas=[], floors=[]), constraints=MatchTargetsConstraints(name='light.front_observatorio_ger', area_name=None, floor_name=None, domains=None, device_classes=None, features=None, states=None, assistant='conversation', allow_duplicate_names=False, single_target=False), preferences=MatchTargetsPreferences(area_id=None, floor_id=None)>","Entendido, intentaré con el dispositivo correcto."
lock.unlock,lock.arma_segura,Cerradura de seguridad para armas,lock.segura_arma,¿Puedes desbloquear la cerradura de seguridad para armas?,"<MatchFailedError result=MatchTargetsResult(is_match=False, no_match_reason=<MatchFailedReason.NAME: 1>, states=[], no_match_name=None, areas=[], floors=[]), constraints=MatchTargetsConstraints(name='lock.segura_arma', area_name=None, floor_name=None, domains=None, device_classes=None, features=None, states=None, assistant='conversation', allow_duplicate_names=False, single_target=False), preferences=MatchTargetsPreferences(area_id=None, floor_id=None)>","Entendido, lo intentaré con lock.arma_segura."
fan.increase_speed,fan.balcón,ventilador de balcón,fan.balcónx,"Sube la velocidad del ventilador de balcón, por favor.","<MatchFailedError result=MatchTargetsResult(is_match=False, no_match_reason=<MatchFailedReason.NAME: 1>, states=[], no_match_name=None, areas=[], floors=[]), constraints=MatchTargetsConstraints(name='fan.balcónx', area_name=None, floor_name=None, domains=None, device_classes=None, features=None, states=None, assistant='conversation', allow_duplicate_names=False, single_target=False), preferences=MatchTargetsPreferences(area_id=None, floor_id=None)>","Entendido, intentaré con el ventilador de balcón."
vacuum.return_to_base,vacuum.pasillo_neato,Limpiador de caminos de pasillo,vacuum.pasillo_neat,"Por favor, haz que el Limpiador de caminos de pasillo regrese a su base.","<MatchFailedError result=MatchTargetsResult(is_match=False, no_match_reason=<MatchFailedReason.NAME: 1>, states=[], no_match_name=None, areas=[], floors=[]), constraints=MatchTargetsConstraints(name='vacuum.pasillo_neat', area_name=None, floor_name=None, domains=None, device_classes=None, features=None, states=None, assistant='conversation', allow_duplicate_names=False, single_target=False), preferences=MatchTargetsPreferences(area_id=None, floor_id=None)>","Entendido, intentaré con vacuum.pasillo_neato."
media_player.media_play_pause,media_player.proyector_exterior_patio_trasero,Proyector de patio trasero,media_player.proyector_exterior_patio,Pausa o reproduce el proyector del patio trasero,"<MatchFailedError result=MatchTargetsResult(is_match=False, no_match_reason=<MatchFailedReason.NAME: 1>, states=[], no_match_name=None, areas=[], floors=[]), constraints=MatchTargetsConstraints(name='media_player.proyector_exterior_patio', area_name=None, floor_name=None, domains=None, device_classes=None, features=None, states=None, assistant='conversation', allow_duplicate_names=False, single_target=False), preferences=MatchTargetsPreferences(area_id=None, floor_id=None)>","Entendido, intentaré con el dispositivo correcto: media_player.proyector_exterior_patio_trasero."
lock.lock,lock.bodega,Cerradura para bodega,lock.bodega_primaria,"Por favor, bloquea la cerradura de la bodega.","<MatchFailedError result=MatchTargetsResult(is_match=False, no_match_reason=<MatchFailedReason.NAME: 1>, states=[], no_match_name=None, areas=[], floors=[]), constraints=MatchTargetsConstraints(name='lock.bodega_primaria', area_name=None, floor_name=None, domains=None, device_classes=None, features=None, states=None, assistant='conversation', allow_duplicate_names=False, single_target=False), preferences=MatchTargetsPreferences(area_id=None, floor_id=None)>","De acuerdo, lo intentaré con la cerradura para bodega."
garage_door.stop_cover,garage_door.cochera,Puerta de garaje,garage_door.cochera,"Por favor, detén la puerta de la cochera.","<MatchFailedError result=MatchTargetsResult(is_match=False, no_match_reason=<MatchFailedReason.NAME: 1>, states=[], no_match_name=None, areas=[], floors=[]), constraints=MatchTargetsConstraints(name='garage_door.cochera', area_name=None, floor_name=None, domains=None, device_classes=None, features=None, states=None, assistant='conversation', allow_duplicate_names=False, single_target=False), preferences=MatchTargetsPreferences(area_id=None, floor_id=None)>",Lo intentaré de nuevo con la puerta de garaje correcta.
lock.lock,lock.puerta_trasera,Cerradura de entrada al patio trasero,lock.puerta_traserra,Cierra la cerradura de la entrada al patio trasero.,"<MatchFailedError result=MatchTargetsResult(is_match=False, no_match_reason=<MatchFailedReason.NAME: 1>, states=[], no_match_name=None, areas=[], floors=[]), constraints=MatchTargetsConstraints(name='lock.puerta_traserra', area_name=None, floor_name=None, domains=None, device_classes=None, features=None, states=None, assistant='conversation', allow_duplicate_names=False, single_target=False), preferences=MatchTargetsPreferences(area_id=None, floor_id=None)>","De acuerdo, intentaré con la cerradura de la puerta trasera."
switch.toggle,switch.luces_entrada,Control de iluminación de entrada,switch.luces_entradax,"Alterna la luz de la entrada, por favor.","<MatchFailedError result=MatchTargetsResult(is_match=False, no_match_reason=<MatchFailedReason.NAME: 1>, states=[], no_match_name=None, areas=[], floors=[]), constraints=MatchTargetsConstraints(name='switch.luces_entradax', area_name=None, floor_name=None, domains=None, device_classes=None, features=None, states=None, assistant='conversation', allow_duplicate_names=False, single_target=False), preferences=MatchTargetsPreferences(area_id=None, floor_id=None)>","Entendido, ahora lo intentaré con el dispositivo correcto: switch.luces_entrada."
blinds.open_cover,blinds.ventana_trasera,Persianas de ventana trasera,blinds.ventana_trasera_extra,¿Puedes abrir la persiana de la ventana trasera?,"<MatchFailedError result=MatchTargetsResult(is_match=False, no_match_reason=<MatchFailedReason.NAME: 1>, states=[], no_match_name=None, areas=[], floors=[]), constraints=MatchTargetsConstraints(name='blinds.ventana_trasera_extra', area_name=None, floor_name=None, domains=None, device_classes=None, features=None, states=None, assistant='conversation', allow_duplicate_names=False, single_target=False), preferences=MatchTargetsPreferences(area_id=None, floor_id=None)>","De acuerdo, lo intentaré con Persianas de ventana trasera."
media_player.turn_off,media_player.recamara_principal,Medios del dormitorio principal,media_player.recamara_principal_extra,"Apaga los medios del dormitorio principal, por favor.","<MatchFailedError result=MatchTargetsResult(is_match=False, no_match_reason=<MatchFailedReason.NAME: 1>, states=[], no_match_name=None, areas=[], floors=[]), constraints=MatchTargetsConstraints(name='media_player.recamara_principal_extra', area_name=None, floor_name=None, domains=None, device_classes=None, features=None, states=None, assistant='conversation', allow_duplicate_names=False, single_target=False), preferences=MatchTargetsPreferences(area_id=None, floor_id=None)>","Entendido, intentaré apagar los Medios del dormitorio principal."
switch.turn_on,switch.luces_traseras_de_patio,Interruptor de luces del patio trasero,switch.luces_traseras_del_patio,¿Podrías encender las luces del patio trasero?,"<MatchFailedError result=MatchTargetsResult(is_match=False, no_match_reason=<MatchFailedReason.NAME: 1>, states=[], no_match_name=None, areas=[], floors=[]), constraints=MatchTargetsConstraints(name='switch.luces_traseras_del_patio', area_name=None, floor_name=None, domains=None, device_classes=None, features=None, states=None, assistant='conversation', allow_duplicate_names=False, single_target=False), preferences=MatchTargetsPreferences(area_id=None, floor_id=None)>","De acuerdo, lo intentaré con el interruptor de luces del patio trasero."
blinds.close_cover,blinds.pasillo,Persianas de pasillo,blinds.pasill,"Cierra las persianas del pasillo, por favor.","<MatchFailedError result=MatchTargetsResult(is_match=False, no_match_reason=<MatchFailedReason.NAME: 1>, states=[], no_match_name=None, areas=[], floors=[]), constraints=MatchTargetsConstraints(name='blinds.pasill', area_name=None, floor_name=None, domains=None, device_classes=None, features=None, states=None, assistant='conversation', allow_duplicate_names=False, single_target=False), preferences=MatchTargetsPreferences(area_id=None, floor_id=None)>","De acuerdo, lo intento con blinds.pasillo."
garage_door.toggle,garage_door.comercio,Puerta de garaje de taller,garage_door.comerci,¿Puedes abrir la puerta de garaje del taller?,"<MatchFailedError result=MatchTargetsResult(is_match=False, no_match_reason=<MatchFailedReason.NAME: 1>, states=[], no_match_name=None, areas=[], floors=[]), constraints=MatchTargetsConstraints(name='garage_door.comerci', area_name=None, floor_name=None, domains=None, device_classes=None, features=None, states=None, assistant='conversation', allow_duplicate_names=False, single_target=False), preferences=MatchTargetsPreferences(area_id=None, floor_id=None)>","De acuerdo, lo intentaré con la puerta de garaje de taller."
lock.unlock,lock.sala_de_estar,Cerradura de salón,lock.sala_del_estar,¿Puedes desbloquear la cerradura del salón?,"<MatchFailedError result=MatchTargetsResult(is_match=False, no_match_reason=<MatchFailedReason.NAME: 1>, states=[], no_match_name=None, areas=[], floors=[]), constraints=MatchTargetsConstraints(name='lock.sala_del_estar', area_name=None, floor_name=None, domains=None, device_classes=None, features=None, states=None, assistant='conversation', allow_duplicate_names=False, single_target=False), preferences=MatchTargetsPreferences(area_id=None, floor_id=None)>","Entendido, intentaré con la cerradura correcta."
climate.set_temperature,climate.bosch_bcc100,Control conectado Bosch BCC100,climate.bosch_bcc10x,"Ajusta la temperatura a <temp_f> grados, por favor.","<MatchFailedError result=MatchTargetsResult(is_match=False, no_match_reason=<MatchFailedReason.NAME: 1>, states=[], no_match_name=None, areas=[], floors=[]), constraints=MatchTargetsConstraints(name='climate.bosch_bcc10x', area_name=None, floor_name=None, domains=None, device_classes=None, features=None, states=None, assistant='conversation', allow_duplicate_names=False, single_target=False), preferences=MatchTargetsPreferences(area_id=None, floor_id=None)>","De acuerdo, lo intento con el dispositivo correcto."
vacuum.stop,vacuum.kitchen_xiaomi,aspiradora de cocina,vacuum.kitchen_xia_mi,"Por favor, detén la aspiradora de cocina.","<MatchFailedError result=MatchTargetsResult(is_match=False, no_match_reason=<MatchFailedReason.NAME: 1>, states=[], no_match_name=None, areas=[], floors=[]), constraints=MatchTargetsConstraints(name='vacuum.kitchen_xia_mi', area_name=None, floor_name=None, domains=None, device_classes=None, features=None, states=None, assistant='conversation', allow_duplicate_names=False, single_target=False), preferences=MatchTargetsPreferences(area_id=None, floor_id=None)>","De acuerdo, intentaré con la aspiradora de cocina."
switch.turn_on,switch.reflectores_de_patio,Interruptor de reflectores de jardín,switch.reflactores_de_patio,"Por favor, enciende los reflectores del jardín","<MatchFailedError result=MatchTargetsResult(is_match=False, no_match_reason=<MatchFailedReason.NAME: 1>, states=[], no_match_name=None, areas=[], floors=[]), constraints=MatchTargetsConstraints(name='switch.reflactores_de_patio', area_name=None, floor_name=None, domains=None, device_classes=None, features=None, states=None, assistant='conversation', allow_duplicate_names=False, single_target=False), preferences=MatchTargetsPreferences(area_id=None, floor_id=None)>","Entendido, intentaré con el interruptor correcto."
fan.turn_on,fan.estudio_2,fanático del estudio,fan.estudio2,Enciende el ventilador del estudio.,"<MatchFailedError result=MatchTargetsResult(is_match=False, no_match_reason=<MatchFailedReason.NAME: 1>, states=[], no_match_name=None, areas=[], floors=[]), constraints=MatchTargetsConstraints(name='fan.estudio2', area_name=None, floor_name=None, domains=None, device_classes=None, features=None, states=None, assistant='conversation', allow_duplicate_names=False, single_target=False), preferences=MatchTargetsPreferences(area_id=None, floor_id=None)>","Voy a intentar con el dispositivo correcto, fan.estudio_2."
garage_door.open_cover,garage_door.dos_car,Garaje para dos automóviles,garage_door.dos_car_extra,Abre la cubierta del garaje para dos automóviles,"<MatchFailedError result=MatchTargetsResult(is_match=False, no_match_reason=<MatchFailedReason.NAME: 1>, states=[], no_match_name=None, areas=[], floors=[]), constraints=MatchTargetsConstraints(name='garage_door.dos_car_extra', area_name=None, floor_name=None, domains=None, device_classes=None, features=None, states=None, assistant='conversation', allow_duplicate_names=False, single_target=False), preferences=MatchTargetsPreferences(area_id=None, floor_id=None)>","Entendido, intentaré con el dispositivo correcto (garage_door.dos_car)."
light.turn_on,light.front_office_mqtt,Luz de recepción,light.front_office_mqtt_main,¿Puedes encender la luz de la recepción?,"<MatchFailedError result=MatchTargetsResult(is_match=False, no_match_reason=<MatchFailedReason.NAME: 1>, states=[], no_match_name=None, areas=[], floors=[]), constraints=MatchTargetsConstraints(name='light.front_office_mqtt_main', area_name=None, floor_name=None, domains=None, device_classes=None, features=None, states=None, assistant='conversation', allow_duplicate_names=False, single_target=False), preferences=MatchTargetsPreferences(area_id=None, floor_id=None)>","Vale, ahora lo intento con la luz de la recepción."
climate.set_temperature,climate.johnson_glas,Termostato inteligente GLAS de Johnson Controls,climate.johnson_gl,"Por favor, pon la temperatura a <temp_f> grados.","<MatchFailedError result=MatchTargetsResult(is_match=False, no_match_reason=<MatchFailedReason.NAME: 1>, states=[], no_match_name=None, areas=[], floors=[]), constraints=MatchTargetsConstraints(name='climate.johnson_gl', area_name=None, floor_name=None, domains=None, device_classes=None, features=None, states=None, assistant='conversation', allow_duplicate_names=False, single_target=False), preferences=MatchTargetsPreferences(area_id=None, floor_id=None)>","De acuerdo, ahora lo intentaré con el termostato inteligente GLAS."
media_player.volume_down,media_player.proyector_sony_4k,Proyector de cine en casa Sony,media_player.proyector_sony_4k_hd,Baja el volumen del Proyector de cine en casa Sony.,"<MatchFailedError result=MatchTargetsResult(is_match=False, no_match_reason=<MatchFailedReason.NAME: 1>, states=[], no_match_name=None, areas=[], floors=[]), constraints=MatchTargetsConstraints(name='media_player.proyector_sony_4k_hd', area_name=None, floor_name=None, domains=None, device_classes=None, features=None, states=None, assistant='conversation', allow_duplicate_names=False, single_target=False), preferences=MatchTargetsPreferences(area_id=None, floor_id=None)>","De acuerdo, lo intento con el Proyector de cine en casa Sony."
light.toggle,light.encimera_de_la_cocina,Luces para encimera de cocina,light.encimera_cocina_de_la,Enciende la luz de la encimera de la cocina,"<MatchFailedError result=MatchTargetsResult(is_match=False, no_match_reason=<MatchFailedReason.NAME: 1>, states=[], no_match_name=None, areas=[], floors=[]), constraints=MatchTargetsConstraints(name='light.encimera_cocina_de_la', area_name=None, floor_name=None, domains=None, device_classes=None, features=None, states=None, assistant='conversation', allow_duplicate_names=False, single_target=False), preferences=MatchTargetsPreferences(area_id=None, floor_id=None)>","De acuerdo, ahora lo intentaré con la luz de la encimera de la cocina."
media_player.volume_down,media_player.sonos_living,Sala de estar de Sonos,media_player.sonos_living_extra,Baja el volumen del reproductor en la sala de estar.,"<MatchFailedError result=MatchTargetsResult(is_match=False, no_match_reason=<MatchFailedReason.NAME: 1>, states=[], no_match_name=None, areas=[], floors=[]), constraints=MatchTargetsConstraints(name='media_player.sonos_living_extra', area_name=None, floor_name=None, domains=None, device_classes=None, features=None, states=None, assistant='conversation', allow_duplicate_names=False, single_target=False), preferences=MatchTargetsPreferences(area_id=None, floor_id=None)>","Entendido, intentaré con el dispositivo correcto (media_player.sonos_living)."
vacuum.stop,vacuum.habitación_de_invitados_abajo,Aspiradora de la habitación de invitados de la planta baja,vacuum.habitación_invitados_abajo,Detén la aspiradora de la habitación de invitados de la planta baja.,"<MatchFailedError result=MatchTargetsResult(is_match=False, no_match_reason=<MatchFailedReason.NAME: 1>, states=[], no_match_name=None, areas=[], floors=[]), constraints=MatchTargetsConstraints(name='vacuum.habitación_invitados_abajo', area_name=None, floor_name=None, domains=None, device_classes=None, features=None, states=None, assistant='conversation', allow_duplicate_names=False, single_target=False), preferences=MatchTargetsPreferences(area_id=None, floor_id=None)>","De acuerdo, lo intentaré con la aspiradora de la habitación de invitados de la planta baja."
light.turn_off,light.arriba_zen_zigbee,Luz Zen de arriba,light.zen_arriba_zigbee,"¿Podrías apagar la Luz Zen de arriba, por favor?","<MatchFailedError result=MatchTargetsResult(is_match=False, no_match_reason=<MatchFailedReason.NAME: 1>, states=[], no_match_name=None, areas=[], floors=[]), constraints=MatchTargetsConstraints(name='light.zen_arriba_zigbee', area_name=None, floor_name=None, domains=None, device_classes=None, features=None, states=None, assistant='conversation', allow_duplicate_names=False, single_target=False), preferences=MatchTargetsPreferences(area_id=None, floor_id=None)>","Entendido, intentaré con la Luz Zen de arriba."
light.turn_on,light.arriba_observatorio_zigbee,Luz del observatorio de arriba,light.arriba_observatorio_zigbee_extra,Enciende la luz del observatorio de arriba al 73 % de brillo.,"<MatchFailedError result=MatchTargetsResult(is_match=False, no_match_reason=<MatchFailedReason.NAME: 1>, states=[], no_match_name=None, areas=[], floors=[]), constraints=MatchTargetsConstraints(name='light.arriba_observatorio_zigbee_extra', area_name=None, floor_name=None, domains=None, device_classes=None, features=None, states=None, assistant='conversation', allow_duplicate_names=False, single_target=False), preferences=MatchTargetsPreferences(area_id=None, floor_id=None)>","Entendido, intentaré con la luz del observatorio de arriba."
climate.set_temperature,climate.honeywell_lyric_t6,Honeywell Letra T6 Pro,climate.honeywell_lyric_t6_pro,Ajusta la temperatura a <temp_f> grados en la casa.,"<MatchFailedError result=MatchTargetsResult(is_match=False, no_match_reason=<MatchFailedReason.NAME: 1>, states=[], no_match_name=None, areas=[], floors=[]), constraints=MatchTargetsConstraints(name='climate.honeywell_lyric_t6_pro', area_name=None, floor_name=None, domains=None, device_classes=None, features=None, states=None, assistant='conversation', allow_duplicate_names=False, single_target=False), preferences=MatchTargetsPreferences(area_id=None, floor_id=None)>","Entendido, lo intentaré con climate.honeywell_lyric_t6."
fan.turn_on,fan.guardería,Fanático de la guardería,fan.guarderia_extra,¿Puedes encender el ventilador de la guardería?,"<MatchFailedError result=MatchTargetsResult(is_match=False, no_match_reason=<MatchFailedReason.NAME: 1>, states=[], no_match_name=None, areas=[], floors=[]), constraints=MatchTargetsConstraints(name='fan.guarderia_extra', area_name=None, floor_name=None, domains=None, device_classes=None, features=None, states=None, assistant='conversation', allow_duplicate_names=False, single_target=False), preferences=MatchTargetsPreferences(area_id=None, floor_id=None)>",Lo intentaré con Fanático de la guardería.
fan.toggle,fan.estudio_1,fanático del estudio,fan.estudio_1a,¿Puedes alternar el ventilador del estudio?,"<MatchFailedError result=MatchTargetsResult(is_match=False, no_match_reason=<MatchFailedReason.NAME: 1>, states=[], no_match_name=None, areas=[], floors=[]), constraints=MatchTargetsConstraints(name='fan.estudio_1a', area_name=None, floor_name=None, domains=None, device_classes=None, features=None, states=None, assistant='conversation', allow_duplicate_names=False, single_target=False), preferences=MatchTargetsPreferences(area_id=None, floor_id=None)>","De acuerdo, lo intento con fan.estudio_1."
media_player.media_play_pause,media_player.audio_technica_at_lp120,Tocadiscos Audio-Technica,media_player.audio_technica_lp120_at,"Por favor, pausa la reproducción en el Tocadiscos Audio‑Technica.","<MatchFailedError result=MatchTargetsResult(is_match=False, no_match_reason=<MatchFailedReason.NAME: 1>, states=[], no_match_name=None, areas=[], floors=[]), constraints=MatchTargetsConstraints(name='media_player.audio_technica_lp120_at', area_name=None, floor_name=None, domains=None, device_classes=None, features=None, states=None, assistant='conversation', allow_duplicate_names=False, single_target=False), preferences=MatchTargetsPreferences(area_id=None, floor_id=None)>","Entendido, lo intentaré con el Tocadiscos Audio‑Technica."
vacuum.return_to_base,vacuum.arriba_baño_vac,Ayudante de baño de arriba,vacuum.arriba_baño,¿Puedes hacer que el Ayudante de baño de arriba vuelva a su base?,"<MatchFailedError result=MatchTargetsResult(is_match=False, no_match_reason=<MatchFailedReason.NAME: 1>, states=[], no_match_name=None, areas=[], floors=[]), constraints=MatchTargetsConstraints(name='vacuum.arriba_baño', area_name=None, floor_name=None, domains=None, device_classes=None, features=None, states=None, assistant='conversation', allow_duplicate_names=False, single_target=False), preferences=MatchTargetsPreferences(area_id=None, floor_id=None)>","Entendido, intentaré con el dispositivo correcto."
switch.turn_on,switch.luces_entrada,Control de iluminación de entrada,switch.luces_entradaplus,"Enciende la luz de la entrada, por favor.","<MatchFailedError result=MatchTargetsResult(is_match=False, no_match_reason=<MatchFailedReason.NAME: 1>, states=[], no_match_name=None, areas=[], floors=[]), constraints=MatchTargetsConstraints(name='switch.luces_entradaplus', area_name=None, floor_name=None, domains=None, device_classes=None, features=None, states=None, assistant='conversation', allow_duplicate_names=False, single_target=False), preferences=MatchTargetsPreferences(area_id=None, floor_id=None)>","Entendido, ahora intentaré con 'switch.luces_entrada'."
lock.lock,lock.puerta_porche,Cerradura de puerta de porche,lock.puerta_prtche,"Por favor, cierra la cerradura del porche.","<MatchFailedError result=MatchTargetsResult(is_match=False, no_match_reason=<MatchFailedReason.NAME: 1>, states=[], no_match_name=None, areas=[], floors=[]), constraints=MatchTargetsConstraints(name='lock.puerta_prtche', area_name=None, floor_name=None, domains=None, device_classes=None, features=None, states=None, assistant='conversation', allow_duplicate_names=False, single_target=False), preferences=MatchTargetsPreferences(area_id=None, floor_id=None)>","De acuerdo, lo intentaré con la cerradura de la puerta del porche."
blinds.stop_cover,blinds.comedor,Persianas del comedor,blinds.comedro,"Detén la persiana del comedor, por favor.","<MatchFailedError result=MatchTargetsResult(is_match=False, no_match_reason=<MatchFailedReason.NAME: 1>, states=[], no_match_name=None, areas=[], floors=[]), constraints=MatchTargetsConstraints(name='blinds.comedro', area_name=None, floor_name=None, domains=None, device_classes=None, features=None, states=None, assistant='conversation', allow_duplicate_names=False, single_target=False), preferences=MatchTargetsPreferences(area_id=None, floor_id=None)>","De acuerdo, ahora lo intentaré con Persianas del comedor."
light.toggle,light.abajo_den_homekit,Luz del estudio de abajo,light.abajo_den_homekit_extra,Cambia el estado de la luz del estudio de abajo.,"<MatchFailedError result=MatchTargetsResult(is_match=False, no_match_reason=<MatchFailedReason.NAME: 1>, states=[], no_match_name=None, areas=[], floors=[]), constraints=MatchTargetsConstraints(name='light.abajo_den_homekit_extra', area_name=None, floor_name=None, domains=None, device_classes=None, features=None, states=None, assistant='conversation', allow_duplicate_names=False, single_target=False), preferences=MatchTargetsPreferences(area_id=None, floor_id=None)>","Entendido, lo intento de nuevo con la Luz del estudio de abajo."
fan.turn_on,fan.cocina_exterior,ventilador de cocina al aire libre,fan.cocina_exter,"Por favor, enciende el ventilador de la cocina al aire libre.","<MatchFailedError result=MatchTargetsResult(is_match=False, no_match_reason=<MatchFailedReason.NAME: 1>, states=[], no_match_name=None, areas=[], floors=[]), constraints=MatchTargetsConstraints(name='fan.cocina_exter', area_name=None, floor_name=None, domains=None, device_classes=None, features=None, states=None, assistant='conversation', allow_duplicate_names=False, single_target=False), preferences=MatchTargetsPreferences(area_id=None, floor_id=None)>","Entendido, ahora intentaré con el ventilador de cocina al aire libre."
fan.turn_on,fan.techo_1,Ventiladores de techo,fan.techo_1_extra,"Enciende los ventiladores de techo, por favor.","<MatchFailedError result=MatchTargetsResult(is_match=False, no_match_reason=<MatchFailedReason.NAME: 1>, states=[], no_match_name=None, areas=[], floors=[]), constraints=MatchTargetsConstraints(name='fan.techo_1_extra', area_name=None, floor_name=None, domains=None, device_classes=None, features=None, states=None, assistant='conversation', allow_duplicate_names=False, single_target=False), preferences=MatchTargetsPreferences(area_id=None, floor_id=None)>","Entendido, intentaré con Ventiladores de techo."
vacuum.start,vacuum.robot_arriba_escaleras,Dispositivo para quitar el polvo encima de las escaleras,vacuum.robot_arriba_escalera,"Por favor, inicia la limpieza del dispositivo para quitar el polvo encima de las escaleras.","<MatchFailedError result=MatchTargetsResult(is_match=False, no_match_reason=<MatchFailedReason.NAME: 1>, states=[], no_match_name=None, areas=[], floors=[]), constraints=MatchTargetsConstraints(name='vacuum.robot_arriba_escalera', area_name=None, floor_name=None, domains=None, device_classes=None, features=None, states=None, assistant='conversation', allow_duplicate_names=False, single_target=False), preferences=MatchTargetsPreferences(area_id=None, floor_id=None)>","Entendido, intentaré con el dispositivo correcto (vacuum.robot_arriba_escaleras)."
media_player.turn_off,media_player.sistema_salon_hi_fi,Audio de alta fidelidad para salón,media_player.sistema_fi_hi_salon,Apaga el audio de alta fidelidad del salón.,"<MatchFailedError result=MatchTargetsResult(is_match=False, no_match_reason=<MatchFailedReason.NAME: 1>, states=[], no_match_name=None, areas=[], floors=[]), constraints=MatchTargetsConstraints(name='media_player.sistema_fi_hi_salon', area_name=None, floor_name=None, domains=None, device_classes=None, features=None, states=None, assistant='conversation', allow_duplicate_names=False, single_target=False), preferences=MatchTargetsPreferences(area_id=None, floor_id=None)>","Entendido, lo intentaré con el dispositivo correcto."
switch.turn_on,switch.iluminación_de_teatro_en_casa,Control de luces de cine en casa,switch.iluminación_de_teatro_en_cas,¿Puedes encender la iluminación del teatro en casa?,"<MatchFailedError result=MatchTargetsResult(is_match=False, no_match_reason=<MatchFailedReason.NAME: 1>, states=[], no_match_name=None, areas=[], floors=[]), constraints=MatchTargetsConstraints(name='switch.iluminación_de_teatro_en_cas', area_name=None, floor_name=None, domains=None, device_classes=None, features=None, states=None, assistant='conversation', allow_duplicate_names=False, single_target=False), preferences=MatchTargetsPreferences(area_id=None, floor_id=None)>","Entendido, ahora lo intento con el dispositivo correcto."
vacuum.stop,vacuum.arriba_dyson,Eliminador de polvo de arriba,vacuum.arriba_dyson_extra,"Detén la aspiradora, por favor.","<MatchFailedError result=MatchTargetsResult(is_match=False, no_match_reason=<MatchFailedReason.NAME: 1>, states=[], no_match_name=None, areas=[], floors=[]), constraints=MatchTargetsConstraints(name='vacuum.arriba_dyson_extra', area_name=None, floor_name=None, domains=None, device_classes=None, features=None, states=None, assistant='conversation', allow_duplicate_names=False, single_target=False), preferences=MatchTargetsPreferences(area_id=None, floor_id=None)>","Entendido, intentaré con el dispositivo correcto (vacuum.arriba_dyson)."
blinds.stop_cover,blinds.pasillo_2,Persianas del segundo pasillo,blinds.pasill_2,Detén la persiana del segundo pasillo.,"<MatchFailedError result=MatchTargetsResult(is_match=False, no_match_reason=<MatchFailedReason.NAME: 1>, states=[], no_match_name=None, areas=[], floors=[]), constraints=MatchTargetsConstraints(name='blinds.pasill_2', area_name=None, floor_name=None, domains=None, device_classes=None, features=None, states=None, assistant='conversation', allow_duplicate_names=False, single_target=False), preferences=MatchTargetsPreferences(area_id=None, floor_id=None)>","Entendido, ahora lo intentaré con Persianas del segundo pasillo."
fan.turn_off,fan.gimnasio_interior,Ventilador de gimnasio interior,fan.gimnasio_inten,"Apaga el ventilador del gimnasio interior, por favor.","<MatchFailedError result=MatchTargetsResult(is_match=False, no_match_reason=<MatchFailedReason.NAME: 1>, states=[], no_match_name=None, areas=[], floors=[]), constraints=MatchTargetsConstraints(name='fan.gimnasio_inten', area_name=None, floor_name=None, domains=None, device_classes=None, features=None, states=None, assistant='conversation', allow_duplicate_names=False, single_target=False), preferences=MatchTargetsPreferences(area_id=None, floor_id=None)>","De acuerdo, intentaré con el ventilador de gimnasio interior."
climate.turn_on,climate.johnson_glas,Termostato inteligente GLAS de Johnson Controls,climate.johnson_glass,¿Puedes encender el termostato inteligente GLAS?,"<MatchFailedError result=MatchTargetsResult(is_match=False, no_match_reason=<MatchFailedReason.NAME: 1>, states=[], no_match_name=None, areas=[], floors=[]), constraints=MatchTargetsConstraints(name='climate.johnson_glass', area_name=None, floor_name=None, domains=None, device_classes=None, features=None, states=None, assistant='conversation', allow_duplicate_names=False, single_target=False), preferences=MatchTargetsPreferences(area_id=None, floor_id=None)>","De acuerdo, lo intentaré con el dispositivo correcto."
switch.turn_on,switch.luces_pasarela,Interruptor de luces de pasarela,switch.luces_pasarela,"Por favor, enciende el interruptor de luces de pasarela.","<MatchFailedError result=MatchTargetsResult(is_match=False, no_match_reason=<MatchFailedReason.NAME: 1>, states=[], no_match_name=None, areas=[], floors=[]), constraints=MatchTargetsConstraints(name='switch.luces_pasarela', area_name=None, floor_name=None, domains=None, device_classes=None, features=None, states=None, assistant='conversation', allow_duplicate_names=False, single_target=False), preferences=MatchTargetsPreferences(area_id=None, floor_id=None)>","De acuerdo, lo intentaré con el dispositivo correcto."
blinds.stop_cover,blinds.sala_de_arte,Persianas para salas de manualidades.,blinds.sala_de_artes,¿Puedes detener las persianas de la sala de arte?,"<MatchFailedError result=MatchTargetsResult(is_match=False, no_match_reason=<MatchFailedReason.NAME: 1>, states=[], no_match_name=None, areas=[], floors=[]), constraints=MatchTargetsConstraints(name='blinds.sala_de_artes', area_name=None, floor_name=None, domains=None, device_classes=None, features=None, states=None, assistant='conversation', allow_duplicate_names=False, single_target=False), preferences=MatchTargetsPreferences(area_id=None, floor_id=None)>","Entendido, ahora intentaré con blinds.sala_de_arte."
blinds.stop_cover,blinds.ventana_trasera,Persianas de ventana trasera,blinds.ventana_trase,"Por favor, detén la persiana de la ventana trasera.","<MatchFailedError result=MatchTargetsResult(is_match=False, no_match_reason=<MatchFailedReason.NAME: 1>, states=[], no_match_name=None, areas=[], floors=[]), constraints=MatchTargetsConstraints(name='blinds.ventana_trase', area_name=None, floor_name=None, domains=None, device_classes=None, features=None, states=None, assistant='conversation', allow_duplicate_names=False, single_target=False), preferences=MatchTargetsPreferences(area_id=None, floor_id=None)>","De acuerdo, intentaré con la persiana de la ventana trasera."
blinds.toggle,blinds.baño_1,primeras persianas de baño,blinds.baño_1a,¿Puedes bajar las primeras persianas del baño?,"<MatchFailedError result=MatchTargetsResult(is_match=False, no_match_reason=<MatchFailedReason.NAME: 1>, states=[], no_match_name=None, areas=[], floors=[]), constraints=MatchTargetsConstraints(name='blinds.baño_1a', area_name=None, floor_name=None, domains=None, device_classes=None, features=None, states=None, assistant='conversation', allow_duplicate_names=False, single_target=False), preferences=MatchTargetsPreferences(area_id=None, floor_id=None)>","De acuerdo, lo intentaré con la persiana del baño."
fan.decrease_speed,fan.porche_trasero,Ventilador del porche trasero,fan.porche_trase,Baja la velocidad del ventilador del porche trasero.,"<MatchFailedError result=MatchTargetsResult(is_match=False, no_match_reason=<MatchFailedReason.NAME: 1>, states=[], no_match_name=None, areas=[], floors=[]), constraints=MatchTargetsConstraints(name='fan.porche_trase', area_name=None, floor_name=None, domains=None, device_classes=None, features=None, states=None, assistant='conversation', allow_duplicate_names=False, single_target=False), preferences=MatchTargetsPreferences(area_id=None, floor_id=None)>","Entendido, lo intentaré con el ventilador del porche trasero."
media_player.volume_up,media_player.sótano,Reproductor multimedia del sótano,media_player.sótano_2,Sube el volumen del reproductor multimedia del sótano.,"<MatchFailedError result=MatchTargetsResult(is_match=False, no_match_reason=<MatchFailedReason.NAME: 1>, states=[], no_match_name=None, areas=[], floors=[]), constraints=MatchTargetsConstraints(name='media_player.sótano_2', area_name=None, floor_name=None, domains=None, device_classes=None, features=None, states=None, assistant='conversation', allow_duplicate_names=False, single_target=False), preferences=MatchTargetsPreferences(area_id=None, floor_id=None)>","De acuerdo, lo intento con el reproductor del sótano."
lock.unlock,lock.sala_de_archivo,Bloqueo de la sala de archivos,lock.sala_dearchivos,"Desbloquea la sala de archivos, por favor.","<MatchFailedError result=MatchTargetsResult(is_match=False, no_match_reason=<MatchFailedReason.NAME: 1>, states=[], no_match_name=None, areas=[], floors=[]), constraints=MatchTargetsConstraints(name='lock.sala_dearchivos', area_name=None, floor_name=None, domains=None, device_classes=None, features=None, states=None, assistant='conversation', allow_duplicate_names=False, single_target=False), preferences=MatchTargetsPreferences(area_id=None, floor_id=None)>","Entendido, intentaré con el bloqueo de la sala de archivos."
light.turn_off,light.estante_cocina_fresco,Rejilla De Cocina Luz Fría,light.estante_cocina_fresco_v2,"Apaga la luz de la rejilla de cocina, por favor.","<MatchFailedError result=MatchTargetsResult(is_match=False, no_match_reason=<MatchFailedReason.NAME: 1>, states=[], no_match_name=None, areas=[], floors=[]), constraints=MatchTargetsConstraints(name='light.estante_cocina_fresco_v2', area_name=None, floor_name=None, domains=None, device_classes=None, features=None, states=None, assistant='conversation', allow_duplicate_names=False, single_target=False), preferences=MatchTargetsPreferences(area_id=None, floor_id=None)>","De acuerdo, lo intentaré con la luz correcta."
fan.decrease_speed,fan.guardería,Fanático de la guardería,fan.guarderia_pro,"Baja la velocidad del ventilador de la guardería, por favor.","<MatchFailedError result=MatchTargetsResult(is_match=False, no_match_reason=<MatchFailedReason.NAME: 1>, states=[], no_match_name=None, areas=[], floors=[]), constraints=MatchTargetsConstraints(name='fan.guarderia_pro', area_name=None, floor_name=None, domains=None, device_classes=None, features=None, states=None, assistant='conversation', allow_duplicate_names=False, single_target=False), preferences=MatchTargetsPreferences(area_id=None, floor_id=None)>","Entendido, lo intentaré de nuevo con fan.guardería."
media_player.volume_up,media_player.sony_bravia_tv,Televisor LED inteligente Sony,media_player.sony_bravia_tv_v2,Sube el volumen del televisor.,"<MatchFailedError result=MatchTargetsResult(is_match=False, no_match_reason=<MatchFailedReason.NAME: 1>, states=[], no_match_name=None, areas=[], floors=[]), constraints=MatchTargetsConstraints(name='media_player.sony_bravia_tv_v2', area_name=None, floor_name=None, domains=None, device_classes=None, features=None, states=None, assistant='conversation', allow_duplicate_names=False, single_target=False), preferences=MatchTargetsPreferences(area_id=None, floor_id=None)>","Entendido, intentaré con el televisor Sony correcto."
lock.lock,lock.cocina_yale,Cocina Yale,lock.cocina_yeal,"Bloquea la cerradura de la cocina, por favor.","<MatchFailedError result=MatchTargetsResult(is_match=False, no_match_reason=<MatchFailedReason.NAME: 1>, states=[], no_match_name=None, areas=[], floors=[]), constraints=MatchTargetsConstraints(name='lock.cocina_yeal', area_name=None, floor_name=None, domains=None, device_classes=None, features=None, states=None, assistant='conversation', allow_duplicate_names=False, single_target=False), preferences=MatchTargetsPreferences(area_id=None, floor_id=None)>","Entendido, intentaré con lock.cocina_yale."
fan.turn_off,fan.dormitorio_master,Ventilador del dormitorio principal,fan.master_dormitorio,¿Puedes apagar el ventilador del dormitorio principal?,"<MatchFailedError result=MatchTargetsResult(is_match=False, no_match_reason=<MatchFailedReason.NAME: 1>, states=[], no_match_name=None, areas=[], floors=[]), constraints=MatchTargetsConstraints(name='fan.master_dormitorio', area_name=None, floor_name=None, domains=None, device_classes=None, features=None, states=None, assistant='conversation', allow_duplicate_names=False, single_target=False), preferences=MatchTargetsPreferences(area_id=None, floor_id=None)>","De acuerdo, lo intento con el ventilador del dormitorio principal."
vacuum.return_to_base,vacuum.frente_hall_samsung,Robot de barrido del vestíbulo,vacuum.frente_hall_samsunge,"Por favor, haz que el robot de barrido del vestíbulo vuelva a su base.","<MatchFailedError result=MatchTargetsResult(is_match=False, no_match_reason=<MatchFailedReason.NAME: 1>, states=[], no_match_name=None, areas=[], floors=[]), constraints=MatchTargetsConstraints(name='vacuum.frente_hall_samsunge', area_name=None, floor_name=None, domains=None, device_classes=None, features=None, states=None, assistant='conversation', allow_duplicate_names=False, single_target=False), preferences=MatchTargetsPreferences(area_id=None, floor_id=None)>","Entendido, intentaré con el dispositivo correcto."
climate.turn_off,climate.tado_inteligente,Termostato inteligente Tado,climate.tado_inteligente_v2,¿Puedes apagar el termostato inteligente?,"<MatchFailedError result=MatchTargetsResult(is_match=False, no_match_reason=<MatchFailedReason.NAME: 1>, states=[], no_match_name=None, areas=[], floors=[]), constraints=MatchTargetsConstraints(name='climate.tado_inteligente_v2', area_name=None, floor_name=None, domains=None, device_classes=None, features=None, states=None, assistant='conversation', allow_duplicate_names=False, single_target=False), preferences=MatchTargetsPreferences(area_id=None, floor_id=None)>","De acuerdo, intento apagar el Termostato inteligente Tado."
garage_door.open_cover,garage_door.cobertizo_2,Segunda puerta del cobertizo,garage_door.cobertizo,"¿Puedes abrir la cubierta del cobertizo, por favor?","<MatchFailedError result=MatchTargetsResult(is_match=False, no_match_reason=<MatchFailedReason.NAME: 1>, states=[], no_match_name=None, areas=[], floors=[]), constraints=MatchTargetsConstraints(name='garage_door.cobertizo', area_name=None, floor_name=None, domains=None, device_classes=None, features=None, states=None, assistant='conversation', allow_duplicate_names=False, single_target=False), preferences=MatchTargetsPreferences(area_id=None, floor_id=None)>","Entendido, intentaré con la segunda puerta del cobertizo."
vacuum.stop,vacuum.comedor_area_bissel,Eliminador de suciedad del comedor,vacuum.comedor_area_bissel_extra,"Por favor, detén el limpiador del comedor.","<MatchFailedError result=MatchTargetsResult(is_match=False, no_match_reason=<MatchFailedReason.NAME: 1>, states=[], no_match_name=None, areas=[], floors=[]), constraints=MatchTargetsConstraints(name='vacuum.comedor_area_bissel_extra', area_name=None, floor_name=None, domains=None, device_classes=None, features=None, states=None, assistant='conversation', allow_duplicate_names=False, single_target=False), preferences=MatchTargetsPreferences(area_id=None, floor_id=None)>","De acuerdo, lo intentaré con el dispositivo correcto."
media_player.volume_up,media_player.punto_echo,Punto eco de cocina,media_player.punto_ec,¿Podrías subir el volumen del Punto eco de cocina?,"<MatchFailedError result=MatchTargetsResult(is_match=False, no_match_reason=<MatchFailedReason.NAME: 1>, states=[], no_match_name=None, areas=[], floors=[]), constraints=MatchTargetsConstraints(name='media_player.punto_ec', area_name=None, floor_name=None, domains=None, device_classes=None, features=None, states=None, assistant='conversation', allow_duplicate_names=False, single_target=False), preferences=MatchTargetsPreferences(area_id=None, floor_id=None)>","Entendido, intentaré con el dispositivo correcto (media_player.punto_echo)."
media_player.volume_down,media_player.bose_home_altavoz,Altavoz inalámbrico Bose,media_player.bose_home_altazov,"Baja el volumen del Altavoz inalámbrico Bose, por favor.","<MatchFailedError result=MatchTargetsResult(is_match=False, no_match_reason=<MatchFailedReason.NAME: 1>, states=[], no_match_name=None, areas=[], floors=[]), constraints=MatchTargetsConstraints(name='media_player.bose_home_altazov', area_name=None, floor_name=None, domains=None, device_classes=None, features=None, states=None, assistant='conversation', allow_duplicate_names=False, single_target=False), preferences=MatchTargetsPreferences(area_id=None, floor_id=None)>","De acuerdo, lo intento con el Altavoz inalámbrico Bose."
blinds.toggle,blinds.pasillo_1,Persianas del primer pasillo.,blinds.pasillo_1a,¿Puedes bajar las persianas del primer pasillo?,"<MatchFailedError result=MatchTargetsResult(is_match=False, no_match_reason=<MatchFailedReason.NAME: 1>, states=[], no_match_name=None, areas=[], floors=[]), constraints=MatchTargetsConstraints(name='blinds.pasillo_1a', area_name=None, floor_name=None, domains=None, device_classes=None, features=None, states=None, assistant='conversation', allow_duplicate_names=False, single_target=False), preferences=MatchTargetsPreferences(area_id=None, floor_id=None)>","De acuerdo, lo intento con las persianas del primer pasillo."
