service_name,correct_device_name,correct_friendly_name,bad_device_name,phrase,error_result,retry_prompt
fan.increase_speed,fan.outdoor_kitchen,Outdoor kitchen fan,fan.outdoor_kitchen_pro,Could you increase the speed of the outdoor kitchen fan?,"<MatchFailedError result=MatchTargetsResult(is_match=False, no_match_reason=<MatchFailedReason.NAME: 1>, states=[], no_match_name=None, areas=[], floors=[]), constraints=MatchTargetsConstraints(name='fan.outdoor_kitchen_pro', area_name=None, floor_name=None, domains=None, device_classes=None, features=None, states=None, assistant='conversation', allow_duplicate_names=False, single_target=False), preferences=MatchTargetsPreferences(area_id=None, floor_id=None)>","Sure, I’ll try the Outdoor kitchen fan instead."
blinds.open_cover,blinds.theater_room,Home theater blinds,blinds.theatre_room,"Open the Home theater blinds, please.","<MatchFailedError result=MatchTargetsResult(is_match=False, no_match_reason=<MatchFailedReason.NAME: 1>, states=[], no_match_name=None, areas=[], floors=[]), constraints=MatchTargetsConstraints(name='blinds.theatre_room', area_name=None, floor_name=None, domains=None, device_classes=None, features=None, states=None, assistant='conversation', allow_duplicate_names=False, single_target=False), preferences=MatchTargetsPreferences(area_id=None, floor_id=None)>","Got it, I'll try again with the correct device."
climate.turn_on,climate.carrier_cor,Carrier Cor Wi-Fi Thermostat,climate.carrier_cor_main,"Hey, could you turn on the thermostat?","<MatchFailedError result=MatchTargetsResult(is_match=False, no_match_reason=<MatchFailedReason.NAME: 1>, states=[], no_match_name=None, areas=[], floors=[]), constraints=MatchTargetsConstraints(name='climate.carrier_cor_main', area_name=None, floor_name=None, domains=None, device_classes=None, features=None, states=None, assistant='conversation', allow_duplicate_names=False, single_target=False), preferences=MatchTargetsPreferences(area_id=None, floor_id=None)>","Sure, I'll try again with the Carrier Cor thermostat."
vacuum.return_to_base,vacuum.greenhouse_sweeper,Greenhouse floor sweeper,vacuum.greenhouse_sweeper_pro,Please send the Greenhouse floor sweeper back to its base.,"<MatchFailedError result=MatchTargetsResult(is_match=False, no_match_reason=<MatchFailedReason.NAME: 1>, states=[], no_match_name=None, areas=[], floors=[]), constraints=MatchTargetsConstraints(name='vacuum.greenhouse_sweeper_pro', area_name=None, floor_name=None, domains=None, device_classes=None, features=None, states=None, assistant='conversation', allow_duplicate_names=False, single_target=False), preferences=MatchTargetsPreferences(area_id=None, floor_id=None)>","Got it, I'll use the correct vacuum now."
climate.turn_on,climate.greenhouse_climate,Greenhouse Climate System,climate.greenhouse_climatet,Please turn on the greenhouse climate system.,"<MatchFailedError result=MatchTargetsResult(is_match=False, no_match_reason=<MatchFailedReason.NAME: 1>, states=[], no_match_name=None, areas=[], floors=[]), constraints=MatchTargetsConstraints(name='climate.greenhouse_climatet', area_name=None, floor_name=None, domains=None, device_classes=None, features=None, states=None, assistant='conversation', allow_duplicate_names=False, single_target=False), preferences=MatchTargetsPreferences(area_id=None, floor_id=None)>","Got it, trying again with the correct device."
media_player.volume_down,media_player.pool_house_tv,Pool House Television,media_player.pool_house_tv_main,Could you lower the volume on the Pool House TV?,"<MatchFailedError result=MatchTargetsResult(is_match=False, no_match_reason=<MatchFailedReason.NAME: 1>, states=[], no_match_name=None, areas=[], floors=[]), constraints=MatchTargetsConstraints(name='media_player.pool_house_tv_main', area_name=None, floor_name=None, domains=None, device_classes=None, features=None, states=None, assistant='conversation', allow_duplicate_names=False, single_target=False), preferences=MatchTargetsPreferences(area_id=None, floor_id=None)>","Got it, I'll try the Pool House Television."
vacuum.return_to_base,vacuum.patio_doorway_vac,Patio doorway cleaner,vacuum.patio_doorway_cleaner,Could you send the patio doorway cleaner back to its charging base?,"<MatchFailedError result=MatchTargetsResult(is_match=False, no_match_reason=<MatchFailedReason.NAME: 1>, states=[], no_match_name=None, areas=[], floors=[]), constraints=MatchTargetsConstraints(name='vacuum.patio_doorway_cleaner', area_name=None, floor_name=None, domains=None, device_classes=None, features=None, states=None, assistant='conversation', allow_duplicate_names=False, single_target=False), preferences=MatchTargetsPreferences(area_id=None, floor_id=None)>","Alright, I'll try with the correct device."
garage_door.open_cover,garage_door.motorcycle,Motorcycle Garage,garage_door.cyclemotor,Open the garage door cover for the motorcycle garage.,"<MatchFailedError result=MatchTargetsResult(is_match=False, no_match_reason=<MatchFailedReason.NAME: 1>, states=[], no_match_name=None, areas=[], floors=[]), constraints=MatchTargetsConstraints(name='garage_door.cyclemotor', area_name=None, floor_name=None, domains=None, device_classes=None, features=None, states=None, assistant='conversation', allow_duplicate_names=False, single_target=False), preferences=MatchTargetsPreferences(area_id=None, floor_id=None)>","Sure, I'll try the Motorcycle Garage instead."
garage_door.toggle,garage_door.woodshop,Woodshop door,garage_door.woodshop_main,Could you toggle the Woodshop door?,"<MatchFailedError result=MatchTargetsResult(is_match=False, no_match_reason=<MatchFailedReason.NAME: 1>, states=[], no_match_name=None, areas=[], floors=[]), constraints=MatchTargetsConstraints(name='garage_door.woodshop_main', area_name=None, floor_name=None, domains=None, device_classes=None, features=None, states=None, assistant='conversation', allow_duplicate_names=False, single_target=False), preferences=MatchTargetsPreferences(area_id=None, floor_id=None)>","Got it, trying the Woodshop door."
lock.unlock,lock.gym,Home Gym Lock,lock.gymnasium,"Unlock the home gym lock, please.","<MatchFailedError result=MatchTargetsResult(is_match=False, no_match_reason=<MatchFailedReason.NAME: 1>, states=[], no_match_name=None, areas=[], floors=[]), constraints=MatchTargetsConstraints(name='lock.gymnasium', area_name=None, floor_name=None, domains=None, device_classes=None, features=None, states=None, assistant='conversation', allow_duplicate_names=False, single_target=False), preferences=MatchTargetsPreferences(area_id=None, floor_id=None)>","Okay, let me try the Home Gym Lock."
light.turn_on,light.kitchen_island_cool,Kitchen Island Cool Light,light.kitchen_island_cooler,Turn on the kitchen island cool light.,"<MatchFailedError result=MatchTargetsResult(is_match=False, no_match_reason=<MatchFailedReason.NAME: 1>, states=[], no_match_name=None, areas=[], floors=[]), constraints=MatchTargetsConstraints(name='light.kitchen_island_cooler', area_name=None, floor_name=None, domains=None, device_classes=None, features=None, states=None, assistant='conversation', allow_duplicate_names=False, single_target=False), preferences=MatchTargetsPreferences(area_id=None, floor_id=None)>","Okay, I'll try the Kitchen Island Cool Light."
light.toggle,light.front_basement_homekit,Front Basement Light,light.front_basement_homekit_backup,Could you toggle the front basement light?,"<MatchFailedError result=MatchTargetsResult(is_match=False, no_match_reason=<MatchFailedReason.NAME: 1>, states=[], no_match_name=None, areas=[], floors=[]), constraints=MatchTargetsConstraints(name='light.front_basement_homekit_backup', area_name=None, floor_name=None, domains=None, device_classes=None, features=None, states=None, assistant='conversation', allow_duplicate_names=False, single_target=False), preferences=MatchTargetsPreferences(area_id=None, floor_id=None)>","Sure, I'll try the Front Basement Light."
climate.turn_off,climate.emerson_sensi_touch,Emerson Sensi Touch Wi-Fi Thermostat,climate.emerson_sensi,Please turn off the thermostat.,"<MatchFailedError result=MatchTargetsResult(is_match=False, no_match_reason=<MatchFailedReason.NAME: 1>, states=[], no_match_name=None, areas=[], floors=[]), constraints=MatchTargetsConstraints(name='climate.emerson_sensi', area_name=None, floor_name=None, domains=None, device_classes=None, features=None, states=None, assistant='conversation', allow_duplicate_names=False, single_target=False), preferences=MatchTargetsPreferences(area_id=None, floor_id=None)>","Sure, I’ll try again with the Emerson Sensi Touch thermostat."
vacuum.return_to_base,vacuum.basement_deebot,Basement deebot,vacuum.basement_deebot_v2,Please return the vacuum to its base.,"<MatchFailedError result=MatchTargetsResult(is_match=False, no_match_reason=<MatchFailedReason.NAME: 1>, states=[], no_match_name=None, areas=[], floors=[]), constraints=MatchTargetsConstraints(name='vacuum.basement_deebot_v2', area_name=None, floor_name=None, domains=None, device_classes=None, features=None, states=None, assistant='conversation', allow_duplicate_names=False, single_target=False), preferences=MatchTargetsPreferences(area_id=None, floor_id=None)>","Sure, I'll try with the Basement Deebot."
light.toggle,light.front_entryway_homekit,Front Entryway Light,light.front_entryway_homekit_v2,Could you toggle the front entryway light?,"<MatchFailedError result=MatchTargetsResult(is_match=False, no_match_reason=<MatchFailedReason.NAME: 1>, states=[], no_match_name=None, areas=[], floors=[]), constraints=MatchTargetsConstraints(name='light.front_entryway_homekit_v2', area_name=None, floor_name=None, domains=None, device_classes=None, features=None, states=None, assistant='conversation', allow_duplicate_names=False, single_target=False), preferences=MatchTargetsPreferences(area_id=None, floor_id=None)>","Okay, let me try the Front Entryway Light."
lock.unlock,lock.secure_storage,Secure storage lock,lock.secure_storag,Could you unlock the secure storage for me?,"<MatchFailedError result=MatchTargetsResult(is_match=False, no_match_reason=<MatchFailedReason.NAME: 1>, states=[], no_match_name=None, areas=[], floors=[]), constraints=MatchTargetsConstraints(name='lock.secure_storag', area_name=None, floor_name=None, domains=None, device_classes=None, features=None, states=None, assistant='conversation', allow_duplicate_names=False, single_target=False), preferences=MatchTargetsPreferences(area_id=None, floor_id=None)>","Sure, I'll try unlocking the Secure storage lock."
fan.turn_off,fan.living_room_center,Center living room fan,fan.living_center_room,Please turn off the living room fan.,"<MatchFailedError result=MatchTargetsResult(is_match=False, no_match_reason=<MatchFailedReason.NAME: 1>, states=[], no_match_name=None, areas=[], floors=[]), constraints=MatchTargetsConstraints(name='fan.living_center_room', area_name=None, floor_name=None, domains=None, device_classes=None, features=None, states=None, assistant='conversation', allow_duplicate_names=False, single_target=False), preferences=MatchTargetsPreferences(area_id=None, floor_id=None)>","Okay, turning off the Center living room fan."
media_player.volume_down,media_player.workshop_podcast,Workshop Podcast Player,media_player.workshop_podcas,Could you turn the volume down on the Workshop Podcast Player?,"<MatchFailedError result=MatchTargetsResult(is_match=False, no_match_reason=<MatchFailedReason.NAME: 1>, states=[], no_match_name=None, areas=[], floors=[]), constraints=MatchTargetsConstraints(name='media_player.workshop_podcas', area_name=None, floor_name=None, domains=None, device_classes=None, features=None, states=None, assistant='conversation', allow_duplicate_names=False, single_target=False), preferences=MatchTargetsPreferences(area_id=None, floor_id=None)>","Okay, I'll try that on the correct player."
light.turn_off,light.garden_2,Garden Light,light.garden_2s,Please turn off the garden light.,"<MatchFailedError result=MatchTargetsResult(is_match=False, no_match_reason=<MatchFailedReason.NAME: 1>, states=[], no_match_name=None, areas=[], floors=[]), constraints=MatchTargetsConstraints(name='light.garden_2s', area_name=None, floor_name=None, domains=None, device_classes=None, features=None, states=None, assistant='conversation', allow_duplicate_names=False, single_target=False), preferences=MatchTargetsPreferences(area_id=None, floor_id=None)>","Sure, turning off the Garden Light now."
vacuum.return_to_base,vacuum.pet_feeding_station,Pet feeding station vacuum,vacuum.pet_feeder_station,"Hey assistant, could you send the vacuum back to its base?","<MatchFailedError result=MatchTargetsResult(is_match=False, no_match_reason=<MatchFailedReason.NAME: 1>, states=[], no_match_name=None, areas=[], floors=[]), constraints=MatchTargetsConstraints(name='vacuum.pet_feeder_station', area_name=None, floor_name=None, domains=None, device_classes=None, features=None, states=None, assistant='conversation', allow_duplicate_names=False, single_target=False), preferences=MatchTargetsPreferences(area_id=None, floor_id=None)>","Sure, I'll try with the Pet feeding station vacuum."
garage_door.open_cover,garage_door.carport,Carport door,garage_door.carpor,"Could you open the carport door, please?","<MatchFailedError result=MatchTargetsResult(is_match=False, no_match_reason=<MatchFailedReason.NAME: 1>, states=[], no_match_name=None, areas=[], floors=[]), constraints=MatchTargetsConstraints(name='garage_door.carpor', area_name=None, floor_name=None, domains=None, device_classes=None, features=None, states=None, assistant='conversation', allow_duplicate_names=False, single_target=False), preferences=MatchTargetsPreferences(area_id=None, floor_id=None)>","Sure, I'll try that again with the right device."
garage_door.stop_cover,garage_door.two_car,Two Car Garage,garage_door.twon_car,"Hey, could you stop the garage door?","<MatchFailedError result=MatchTargetsResult(is_match=False, no_match_reason=<MatchFailedReason.NAME: 1>, states=[], no_match_name=None, areas=[], floors=[]), constraints=MatchTargetsConstraints(name='garage_door.twon_car', area_name=None, floor_name=None, domains=None, device_classes=None, features=None, states=None, assistant='conversation', allow_duplicate_names=False, single_target=False), preferences=MatchTargetsPreferences(area_id=None, floor_id=None)>","Got it, let me try that again with the correct garage door."
switch.toggle,switch.wine_cooler,Wine cooler switch,switch.wine_cooler_main,Could you turn off the wine cooler switch?,"<MatchFailedError result=MatchTargetsResult(is_match=False, no_match_reason=<MatchFailedReason.NAME: 1>, states=[], no_match_name=None, areas=[], floors=[]), constraints=MatchTargetsConstraints(name='switch.wine_cooler_main', area_name=None, floor_name=None, domains=None, device_classes=None, features=None, states=None, assistant='conversation', allow_duplicate_names=False, single_target=False), preferences=MatchTargetsPreferences(area_id=None, floor_id=None)>","Got it, I'll try the Wine cooler switch instead."
blinds.stop_cover,blinds.wine_cellar_window,Wine cellar window blinds,blinds.wine_cellar_window_cover,Please stop the wine cellar window blinds.,"<MatchFailedError result=MatchTargetsResult(is_match=False, no_match_reason=<MatchFailedReason.NAME: 1>, states=[], no_match_name=None, areas=[], floors=[]), constraints=MatchTargetsConstraints(name='blinds.wine_cellar_window_cover', area_name=None, floor_name=None, domains=None, device_classes=None, features=None, states=None, assistant='conversation', allow_duplicate_names=False, single_target=False), preferences=MatchTargetsPreferences(area_id=None, floor_id=None)>","Sure, I’ll try that again with the correct device."
garage_door.toggle,garage_door.auto_bay_left,Left auto bay door,garage_door.auto_bay_lft,Could you please toggle the garage door for me?,"<MatchFailedError result=MatchTargetsResult(is_match=False, no_match_reason=<MatchFailedReason.NAME: 1>, states=[], no_match_name=None, areas=[], floors=[]), constraints=MatchTargetsConstraints(name='garage_door.auto_bay_lft', area_name=None, floor_name=None, domains=None, device_classes=None, features=None, states=None, assistant='conversation', allow_duplicate_names=False, single_target=False), preferences=MatchTargetsPreferences(area_id=None, floor_id=None)>","Got it, I'll try the correct left auto bay door now."
media_player.turn_on,media_player.apple_tv_4k,Apple 4K Streaming Device,media_player.apple_tv_4,Turn on the Apple 4K Streaming Device.,"<MatchFailedError result=MatchTargetsResult(is_match=False, no_match_reason=<MatchFailedReason.NAME: 1>, states=[], no_match_name=None, areas=[], floors=[]), constraints=MatchTargetsConstraints(name='media_player.apple_tv_4', area_name=None, floor_name=None, domains=None, device_classes=None, features=None, states=None, assistant='conversation', allow_duplicate_names=False, single_target=False), preferences=MatchTargetsPreferences(area_id=None, floor_id=None)>","Sure, I'll turn on the Apple 4K Streaming Device."
light.toggle,light.master_bedroom_2,Master Bedroom Lights,light.master_bedroom_2s,Could you toggle the Master Bedroom Lights?,"<MatchFailedError result=MatchTargetsResult(is_match=False, no_match_reason=<MatchFailedReason.NAME: 1>, states=[], no_match_name=None, areas=[], floors=[]), constraints=MatchTargetsConstraints(name='light.master_bedroom_2s', area_name=None, floor_name=None, domains=None, device_classes=None, features=None, states=None, assistant='conversation', allow_duplicate_names=False, single_target=False), preferences=MatchTargetsPreferences(area_id=None, floor_id=None)>","Got it, trying the correct Master Bedroom Lights now."
switch.turn_off,switch.kitchen_lights,Kitchen Lights Switch,switch.kitchen_light_main,"Could you turn off the kitchen lights, please?","<MatchFailedError result=MatchTargetsResult(is_match=False, no_match_reason=<MatchFailedReason.NAME: 1>, states=[], no_match_name=None, areas=[], floors=[]), constraints=MatchTargetsConstraints(name='switch.kitchen_light_main', area_name=None, floor_name=None, domains=None, device_classes=None, features=None, states=None, assistant='conversation', allow_duplicate_names=False, single_target=False), preferences=MatchTargetsPreferences(area_id=None, floor_id=None)>","Sure, I'll turn off the Kitchen Lights Switch."
fan.turn_on,fan.front_porch,Front Porch Fan,fan.fron_porch,Can you turn on the front porch fan?,"<MatchFailedError result=MatchTargetsResult(is_match=False, no_match_reason=<MatchFailedReason.NAME: 1>, states=[], no_match_name=None, areas=[], floors=[]), constraints=MatchTargetsConstraints(name='fan.fron_porch', area_name=None, floor_name=None, domains=None, device_classes=None, features=None, states=None, assistant='conversation', allow_duplicate_names=False, single_target=False), preferences=MatchTargetsPreferences(area_id=None, floor_id=None)>","Sure, I’ll try turning on the Front Porch Fan."
switch.turn_on,switch.front_gate_lighting,Front gate lights switch,switch.front_gate_light,"Could you turn on the front gate lights, please?","<MatchFailedError result=MatchTargetsResult(is_match=False, no_match_reason=<MatchFailedReason.NAME: 1>, states=[], no_match_name=None, areas=[], floors=[]), constraints=MatchTargetsConstraints(name='switch.front_gate_light', area_name=None, floor_name=None, domains=None, device_classes=None, features=None, states=None, assistant='conversation', allow_duplicate_names=False, single_target=False), preferences=MatchTargetsPreferences(area_id=None, floor_id=None)>","Sure, I'll use the Front gate lights switch instead."
fan.toggle,fan.laundry_room,Laundry room fan,fan.laundry_rm,Turn on the laundry room fan.,"<MatchFailedError result=MatchTargetsResult(is_match=False, no_match_reason=<MatchFailedReason.NAME: 1>, states=[], no_match_name=None, areas=[], floors=[]), constraints=MatchTargetsConstraints(name='fan.laundry_rm', area_name=None, floor_name=None, domains=None, device_classes=None, features=None, states=None, assistant='conversation', allow_duplicate_names=False, single_target=False), preferences=MatchTargetsPreferences(area_id=None, floor_id=None)>","Got it, trying the Laundry room fan."
media_player.media_play_pause,media_player.sonos_arc,Sonos Smart Soundbar,media_player.sonos_acr,"Hey Assistant, pause the music on the soundbar.","<MatchFailedError result=MatchTargetsResult(is_match=False, no_match_reason=<MatchFailedReason.NAME: 1>, states=[], no_match_name=None, areas=[], floors=[]), constraints=MatchTargetsConstraints(name='media_player.sonos_acr', area_name=None, floor_name=None, domains=None, device_classes=None, features=None, states=None, assistant='conversation', allow_duplicate_names=False, single_target=False), preferences=MatchTargetsPreferences(area_id=None, floor_id=None)>","Sure thing, using the Sonos Smart Soundbar now."
garage_door.open_cover,garage_door.carport,Carport door,garage_door.carport_switch,Open the carport door,"<MatchFailedError result=MatchTargetsResult(is_match=False, no_match_reason=<MatchFailedReason.NAME: 1>, states=[], no_match_name=None, areas=[], floors=[]), constraints=MatchTargetsConstraints(name='garage_door.carport_switch', area_name=None, floor_name=None, domains=None, device_classes=None, features=None, states=None, assistant='conversation', allow_duplicate_names=False, single_target=False), preferences=MatchTargetsPreferences(area_id=None, floor_id=None)>","Alright, let me try the Carport door instead."
light.turn_on,light.kitchen_cabinet_warm,Kitchen Cabinet Warm Light,light.kitchen_warm_cabinet,Turn on the kitchen cabinet warm light to 53 percent brightness in blue.,"<MatchFailedError result=MatchTargetsResult(is_match=False, no_match_reason=<MatchFailedReason.NAME: 1>, states=[], no_match_name=None, areas=[], floors=[]), constraints=MatchTargetsConstraints(name='light.kitchen_warm_cabinet', area_name=None, floor_name=None, domains=None, device_classes=None, features=None, states=None, assistant='conversation', allow_duplicate_names=False, single_target=False), preferences=MatchTargetsPreferences(area_id=None, floor_id=None)>","Got it, let me try the Kitchen Cabinet Warm Light."
garage_door.stop_cover,garage_door.art_gallery,Art gallery door,garage_door.art_gallery_main,"Stop the garage door, please.","<MatchFailedError result=MatchTargetsResult(is_match=False, no_match_reason=<MatchFailedReason.NAME: 1>, states=[], no_match_name=None, areas=[], floors=[]), constraints=MatchTargetsConstraints(name='garage_door.art_gallery_main', area_name=None, floor_name=None, domains=None, device_classes=None, features=None, states=None, assistant='conversation', allow_duplicate_names=False, single_target=False), preferences=MatchTargetsPreferences(area_id=None, floor_id=None)>","Sure, I’ll try again with the Art gallery door."
light.turn_off,light.above_dining_table,Dining Table Light,light.above_diningtbl,Could you turn off the dining table light?,"<MatchFailedError result=MatchTargetsResult(is_match=False, no_match_reason=<MatchFailedReason.NAME: 1>, states=[], no_match_name=None, areas=[], floors=[]), constraints=MatchTargetsConstraints(name='light.above_diningtbl', area_name=None, floor_name=None, domains=None, device_classes=None, features=None, states=None, assistant='conversation', allow_duplicate_names=False, single_target=False), preferences=MatchTargetsPreferences(area_id=None, floor_id=None)>","Okay, trying the Dining Table Light now."
fan.turn_on,fan.balcony,Balcony Fan,fan.balc,"Turn on the balcony fan, please.","<MatchFailedError result=MatchTargetsResult(is_match=False, no_match_reason=<MatchFailedReason.NAME: 1>, states=[], no_match_name=None, areas=[], floors=[]), constraints=MatchTargetsConstraints(name='fan.balc', area_name=None, floor_name=None, domains=None, device_classes=None, features=None, states=None, assistant='conversation', allow_duplicate_names=False, single_target=False), preferences=MatchTargetsPreferences(area_id=None, floor_id=None)>","Okay, I'll try turning on the Balcony Fan."
vacuum.stop,vacuum.living_room_roomba,Living room vacuum,vacuum.living_room_roomba_v2,Could you stop the living room vacuum?,"<MatchFailedError result=MatchTargetsResult(is_match=False, no_match_reason=<MatchFailedReason.NAME: 1>, states=[], no_match_name=None, areas=[], floors=[]), constraints=MatchTargetsConstraints(name='vacuum.living_room_roomba_v2', area_name=None, floor_name=None, domains=None, device_classes=None, features=None, states=None, assistant='conversation', allow_duplicate_names=False, single_target=False), preferences=MatchTargetsPreferences(area_id=None, floor_id=None)>","Okay, I’ll try that again with the Living room vacuum."
lock.lock,lock.pool_gate,Swimming pool gate,lock.poolgate,Please lock the swimming pool gate.,"<MatchFailedError result=MatchTargetsResult(is_match=False, no_match_reason=<MatchFailedReason.NAME: 1>, states=[], no_match_name=None, areas=[], floors=[]), constraints=MatchTargetsConstraints(name='lock.poolgate', area_name=None, floor_name=None, domains=None, device_classes=None, features=None, states=None, assistant='conversation', allow_duplicate_names=False, single_target=False), preferences=MatchTargetsPreferences(area_id=None, floor_id=None)>","Sure, I'll try the correct device now."
switch.toggle,switch.driveway_heating,Driveway heating switch,switch.heating_driveway,"Turn on the driveway heating, please.","<MatchFailedError result=MatchTargetsResult(is_match=False, no_match_reason=<MatchFailedReason.NAME: 1>, states=[], no_match_name=None, areas=[], floors=[]), constraints=MatchTargetsConstraints(name='switch.heating_driveway', area_name=None, floor_name=None, domains=None, device_classes=None, features=None, states=None, assistant='conversation', allow_duplicate_names=False, single_target=False), preferences=MatchTargetsPreferences(area_id=None, floor_id=None)>","Got it, I'll try the driveway heating switch."
fan.turn_off,fan.attic_3,Attic Fans,fan.attic_3b,Please turn off the attic fans.,"<MatchFailedError result=MatchTargetsResult(is_match=False, no_match_reason=<MatchFailedReason.NAME: 1>, states=[], no_match_name=None, areas=[], floors=[]), constraints=MatchTargetsConstraints(name='fan.attic_3b', area_name=None, floor_name=None, domains=None, device_classes=None, features=None, states=None, assistant='conversation', allow_duplicate_names=False, single_target=False), preferences=MatchTargetsPreferences(area_id=None, floor_id=None)>","Okay, I’ll try again with the correct device."
vacuum.stop,vacuum.laundry_room_corners,Laundry room corner cleaner,vacuum.laundry_room_cornrs,Please stop the vacuum in the laundry room corners.,"<MatchFailedError result=MatchTargetsResult(is_match=False, no_match_reason=<MatchFailedReason.NAME: 1>, states=[], no_match_name=None, areas=[], floors=[]), constraints=MatchTargetsConstraints(name='vacuum.laundry_room_cornrs', area_name=None, floor_name=None, domains=None, device_classes=None, features=None, states=None, assistant='conversation', allow_duplicate_names=False, single_target=False), preferences=MatchTargetsPreferences(area_id=None, floor_id=None)>","Okay, I'll stop the Laundry room corner cleaner."
fan.decrease_speed,fan.study_2,Study fan,fan.study_2x,Can you decrease the speed of the study fan?,"<MatchFailedError result=MatchTargetsResult(is_match=False, no_match_reason=<MatchFailedReason.NAME: 1>, states=[], no_match_name=None, areas=[], floors=[]), constraints=MatchTargetsConstraints(name='fan.study_2x', area_name=None, floor_name=None, domains=None, device_classes=None, features=None, states=None, assistant='conversation', allow_duplicate_names=False, single_target=False), preferences=MatchTargetsPreferences(area_id=None, floor_id=None)>","Got it, I’ll adjust the speed of the Study fan."
blinds.open_cover,blinds.library_bay_window,Library bay window blinds,blinds.librarybay_window,Please open the library bay window blinds.,"<MatchFailedError result=MatchTargetsResult(is_match=False, no_match_reason=<MatchFailedReason.NAME: 1>, states=[], no_match_name=None, areas=[], floors=[]), constraints=MatchTargetsConstraints(name='blinds.librarybay_window', area_name=None, floor_name=None, domains=None, device_classes=None, features=None, states=None, assistant='conversation', allow_duplicate_names=False, single_target=False), preferences=MatchTargetsPreferences(area_id=None, floor_id=None)>","Okay, I'll try that again with the correct device."
switch.toggle,switch.pet_fountain,Pet fountain control,switch.pet_fount,"Hey assistant, turn off the pet fountain.","<MatchFailedError result=MatchTargetsResult(is_match=False, no_match_reason=<MatchFailedReason.NAME: 1>, states=[], no_match_name=None, areas=[], floors=[]), constraints=MatchTargetsConstraints(name='switch.pet_fount', area_name=None, floor_name=None, domains=None, device_classes=None, features=None, states=None, assistant='conversation', allow_duplicate_names=False, single_target=False), preferences=MatchTargetsPreferences(area_id=None, floor_id=None)>","Alright, trying the correct Pet fountain control."
fan.turn_off,fan.basement,Basement Fan,fan.base,Could you turn off the basement fan?,"<MatchFailedError result=MatchTargetsResult(is_match=False, no_match_reason=<MatchFailedReason.NAME: 1>, states=[], no_match_name=None, areas=[], floors=[]), constraints=MatchTargetsConstraints(name='fan.base', area_name=None, floor_name=None, domains=None, device_classes=None, features=None, states=None, assistant='conversation', allow_duplicate_names=False, single_target=False), preferences=MatchTargetsPreferences(area_id=None, floor_id=None)>","Sure, turning off the Basement Fan now."
lock.unlock,lock.garden_gate,Garden gate lock,lock.garden_gate_main,Could you unlock the garden gate lock?,"<MatchFailedError result=MatchTargetsResult(is_match=False, no_match_reason=<MatchFailedReason.NAME: 1>, states=[], no_match_name=None, areas=[], floors=[]), constraints=MatchTargetsConstraints(name='lock.garden_gate_main', area_name=None, floor_name=None, domains=None, device_classes=None, features=None, states=None, assistant='conversation', allow_duplicate_names=False, single_target=False), preferences=MatchTargetsPreferences(area_id=None, floor_id=None)>","Sure, I’ll try unlocking the Garden gate lock."
blinds.toggle,blinds.hallway,Hallway Blinds,blinds.hallway_main,Could you toggle the hallway blinds for me?,"<MatchFailedError result=MatchTargetsResult(is_match=False, no_match_reason=<MatchFailedReason.NAME: 1>, states=[], no_match_name=None, areas=[], floors=[]), constraints=MatchTargetsConstraints(name='blinds.hallway_main', area_name=None, floor_name=None, domains=None, device_classes=None, features=None, states=None, assistant='conversation', allow_duplicate_names=False, single_target=False), preferences=MatchTargetsPreferences(area_id=None, floor_id=None)>","Sure, I'll try that again with the Hallway Blinds."
garage_door.stop_cover,garage_door.golf_cart,Golf cart door,garage_door.golf_cart_v2,"Hey assistant, stop the garage door for the golf cart.","<MatchFailedError result=MatchTargetsResult(is_match=False, no_match_reason=<MatchFailedReason.NAME: 1>, states=[], no_match_name=None, areas=[], floors=[]), constraints=MatchTargetsConstraints(name='garage_door.golf_cart_v2', area_name=None, floor_name=None, domains=None, device_classes=None, features=None, states=None, assistant='conversation', allow_duplicate_names=False, single_target=False), preferences=MatchTargetsPreferences(area_id=None, floor_id=None)>","Got it, trying again with the Golf cart door."
media_player.volume_down,media_player.wall_mounted_tv_bedroom,Bedroom Wall-Mounted TV,media_player.wall_mounted_tv_bedr,Could you turn the volume down on the bedroom wall‑mounted TV?,"<MatchFailedError result=MatchTargetsResult(is_match=False, no_match_reason=<MatchFailedReason.NAME: 1>, states=[], no_match_name=None, areas=[], floors=[]), constraints=MatchTargetsConstraints(name='media_player.wall_mounted_tv_bedr', area_name=None, floor_name=None, domains=None, device_classes=None, features=None, states=None, assistant='conversation', allow_duplicate_names=False, single_target=False), preferences=MatchTargetsPreferences(area_id=None, floor_id=None)>","Got it, let me try that on the correct bedroom TV."
lock.lock,lock.file_cabinet,File cabinet lock,lock.file_cabinet_main,Please lock the file cabinet.,"<MatchFailedError result=MatchTargetsResult(is_match=False, no_match_reason=<MatchFailedReason.NAME: 1>, states=[], no_match_name=None, areas=[], floors=[]), constraints=MatchTargetsConstraints(name='lock.file_cabinet_main', area_name=None, floor_name=None, domains=None, device_classes=None, features=None, states=None, assistant='conversation', allow_duplicate_names=False, single_target=False), preferences=MatchTargetsPreferences(area_id=None, floor_id=None)>","Sure, I'll try that again with the correct lock."
switch.turn_on,switch.dining_room_lights,Dining Room Lights Switch,switch.dining_room_lights_main,Could you turn on the dining room lights?,"<MatchFailedError result=MatchTargetsResult(is_match=False, no_match_reason=<MatchFailedReason.NAME: 1>, states=[], no_match_name=None, areas=[], floors=[]), constraints=MatchTargetsConstraints(name='switch.dining_room_lights_main', area_name=None, floor_name=None, domains=None, device_classes=None, features=None, states=None, assistant='conversation', allow_duplicate_names=False, single_target=False), preferences=MatchTargetsPreferences(area_id=None, floor_id=None)>","Okay, let me try the correct Dining Room Lights Switch."
lock.unlock,lock.yale_kitchen,Yale Kitchen,lock.yale_kitch,"Hey, could you unlock the kitchen lock?","<MatchFailedError result=MatchTargetsResult(is_match=False, no_match_reason=<MatchFailedReason.NAME: 1>, states=[], no_match_name=None, areas=[], floors=[]), constraints=MatchTargetsConstraints(name='lock.yale_kitch', area_name=None, floor_name=None, domains=None, device_classes=None, features=None, states=None, assistant='conversation', allow_duplicate_names=False, single_target=False), preferences=MatchTargetsPreferences(area_id=None, floor_id=None)>","Got it, trying again with Yale Kitchen."
climate.turn_off,climate.art_studio_climate,Art Studio Climate Control,climate.artstudio_climat,"Hey, could you turn off the climate in the art studio?","<MatchFailedError result=MatchTargetsResult(is_match=False, no_match_reason=<MatchFailedReason.NAME: 1>, states=[], no_match_name=None, areas=[], floors=[]), constraints=MatchTargetsConstraints(name='climate.artstudio_climat', area_name=None, floor_name=None, domains=None, device_classes=None, features=None, states=None, assistant='conversation', allow_duplicate_names=False, single_target=False), preferences=MatchTargetsPreferences(area_id=None, floor_id=None)>","Sure, I’ll use the correct Art Studio Climate Control."
blinds.open_cover,blinds.morning_room,Morning room blinds,blinds.morning_room_backup,"Hey, could you open the cover of the morning room blinds?","<MatchFailedError result=MatchTargetsResult(is_match=False, no_match_reason=<MatchFailedReason.NAME: 1>, states=[], no_match_name=None, areas=[], floors=[]), constraints=MatchTargetsConstraints(name='blinds.morning_room_backup', area_name=None, floor_name=None, domains=None, device_classes=None, features=None, states=None, assistant='conversation', allow_duplicate_names=False, single_target=False), preferences=MatchTargetsPreferences(area_id=None, floor_id=None)>","Sure, trying again with the Morning room blinds."
fan.decrease_speed,fan.living_room_2,Living Room fan,fan.livingroom_2,Could you lower the speed of the living room fan?,"<MatchFailedError result=MatchTargetsResult(is_match=False, no_match_reason=<MatchFailedReason.NAME: 1>, states=[], no_match_name=None, areas=[], floors=[]), constraints=MatchTargetsConstraints(name='fan.livingroom_2', area_name=None, floor_name=None, domains=None, device_classes=None, features=None, states=None, assistant='conversation', allow_duplicate_names=False, single_target=False), preferences=MatchTargetsPreferences(area_id=None, floor_id=None)>","Sure, decreasing the speed of the Living Room fan."
garage_door.stop_cover,garage_door.equipment_storage,Equipment storage door,garage_door.storage_equipment,Can you stop the equipment storage garage door?,"<MatchFailedError result=MatchTargetsResult(is_match=False, no_match_reason=<MatchFailedReason.NAME: 1>, states=[], no_match_name=None, areas=[], floors=[]), constraints=MatchTargetsConstraints(name='garage_door.storage_equipment', area_name=None, floor_name=None, domains=None, device_classes=None, features=None, states=None, assistant='conversation', allow_duplicate_names=False, single_target=False), preferences=MatchTargetsPreferences(area_id=None, floor_id=None)>","Sure, trying the Equipment storage door now."
garage_door.stop_cover,garage_door.liftmaster_2,LiftMaster,garage_door.liftmaster_2_backup,"Could you stop the garage door, please?","<MatchFailedError result=MatchTargetsResult(is_match=False, no_match_reason=<MatchFailedReason.NAME: 1>, states=[], no_match_name=None, areas=[], floors=[]), constraints=MatchTargetsConstraints(name='garage_door.liftmaster_2_backup', area_name=None, floor_name=None, domains=None, device_classes=None, features=None, states=None, assistant='conversation', allow_duplicate_names=False, single_target=False), preferences=MatchTargetsPreferences(area_id=None, floor_id=None)>","Okay, I'll try that again with LiftMaster."
fan.turn_on,fan.study_1,Study fan,fan.studyy_1,Could you turn on the study fan?,"<MatchFailedError result=MatchTargetsResult(is_match=False, no_match_reason=<MatchFailedReason.NAME: 1>, states=[], no_match_name=None, areas=[], floors=[]), constraints=MatchTargetsConstraints(name='fan.studyy_1', area_name=None, floor_name=None, domains=None, device_classes=None, features=None, states=None, assistant='conversation', allow_duplicate_names=False, single_target=False), preferences=MatchTargetsPreferences(area_id=None, floor_id=None)>","Got it, I'll try the Study fan instead."
climate.turn_on,climate.art_studio_climate,Art Studio Climate Control,climate.artstudio_climate,"Hey assistant, turn on the climate in the art studio.","<MatchFailedError result=MatchTargetsResult(is_match=False, no_match_reason=<MatchFailedReason.NAME: 1>, states=[], no_match_name=None, areas=[], floors=[]), constraints=MatchTargetsConstraints(name='climate.artstudio_climate', area_name=None, floor_name=None, domains=None, device_classes=None, features=None, states=None, assistant='conversation', allow_duplicate_names=False, single_target=False), preferences=MatchTargetsPreferences(area_id=None, floor_id=None)>","Sure, turning on the Art Studio Climate Control."
climate.turn_off,climate.trane_comfortlink_ii,Trane ComfortLink II XL1050,climate.trane_comfortlink_ii_backup,"Hey assistant, could you turn off the climate?","<MatchFailedError result=MatchTargetsResult(is_match=False, no_match_reason=<MatchFailedReason.NAME: 1>, states=[], no_match_name=None, areas=[], floors=[]), constraints=MatchTargetsConstraints(name='climate.trane_comfortlink_ii_backup', area_name=None, floor_name=None, domains=None, device_classes=None, features=None, states=None, assistant='conversation', allow_duplicate_names=False, single_target=False), preferences=MatchTargetsPreferences(area_id=None, floor_id=None)>","Got it, trying again with the correct device."
fan.turn_off,fan.ceiling_2,Ceiling Fans,fan.ceiling_two,"Turn off the ceiling fans, please.","<MatchFailedError result=MatchTargetsResult(is_match=False, no_match_reason=<MatchFailedReason.NAME: 1>, states=[], no_match_name=None, areas=[], floors=[]), constraints=MatchTargetsConstraints(name='fan.ceiling_two', area_name=None, floor_name=None, domains=None, device_classes=None, features=None, states=None, assistant='conversation', allow_duplicate_names=False, single_target=False), preferences=MatchTargetsPreferences(area_id=None, floor_id=None)>","Sure, I'll turn off the ceiling fans now."
blinds.stop_cover,blinds.wine_cellar_window,Wine cellar window blinds,blinds.wine_cellar_wind,Stop the blinds on the wine cellar window.,"<MatchFailedError result=MatchTargetsResult(is_match=False, no_match_reason=<MatchFailedReason.NAME: 1>, states=[], no_match_name=None, areas=[], floors=[]), constraints=MatchTargetsConstraints(name='blinds.wine_cellar_wind', area_name=None, floor_name=None, domains=None, device_classes=None, features=None, states=None, assistant='conversation', allow_duplicate_names=False, single_target=False), preferences=MatchTargetsPreferences(area_id=None, floor_id=None)>","Got it, trying again with the wine cellar window blinds."
fan.toggle,fan.kitchen,Kitchen Fan,fan.kitchen_main,Turn on the kitchen fan.,"<MatchFailedError result=MatchTargetsResult(is_match=False, no_match_reason=<MatchFailedReason.NAME: 1>, states=[], no_match_name=None, areas=[], floors=[]), constraints=MatchTargetsConstraints(name='fan.kitchen_main', area_name=None, floor_name=None, domains=None, device_classes=None, features=None, states=None, assistant='conversation', allow_duplicate_names=False, single_target=False), preferences=MatchTargetsPreferences(area_id=None, floor_id=None)>","Sure, trying the Kitchen Fan now."
fan.increase_speed,fan.dining_room,Dining Room Fan,fan.dine_room,Increase the speed of the fan in the dining room.,"<MatchFailedError result=MatchTargetsResult(is_match=False, no_match_reason=<MatchFailedReason.NAME: 1>, states=[], no_match_name=None, areas=[], floors=[]), constraints=MatchTargetsConstraints(name='fan.dine_room', area_name=None, floor_name=None, domains=None, device_classes=None, features=None, states=None, assistant='conversation', allow_duplicate_names=False, single_target=False), preferences=MatchTargetsPreferences(area_id=None, floor_id=None)>","Okay, adjusting the speed of the Dining Room Fan."
blinds.toggle,blinds.wine_cellar_window,Wine cellar window blinds,blinds.wine_cellar_wind,Please lower the wine cellar window blinds.,"<MatchFailedError result=MatchTargetsResult(is_match=False, no_match_reason=<MatchFailedReason.NAME: 1>, states=[], no_match_name=None, areas=[], floors=[]), constraints=MatchTargetsConstraints(name='blinds.wine_cellar_wind', area_name=None, floor_name=None, domains=None, device_classes=None, features=None, states=None, assistant='conversation', allow_duplicate_names=False, single_target=False), preferences=MatchTargetsPreferences(area_id=None, floor_id=None)>","Got it, trying again with the correct blinds.wine_cellar_window."
fan.increase_speed,fan.garage_workshop,Garage workshop fan,fan.garage_workshop_main,Could you increase the speed of the garage workshop fan?,"<MatchFailedError result=MatchTargetsResult(is_match=False, no_match_reason=<MatchFailedReason.NAME: 1>, states=[], no_match_name=None, areas=[], floors=[]), constraints=MatchTargetsConstraints(name='fan.garage_workshop_main', area_name=None, floor_name=None, domains=None, device_classes=None, features=None, states=None, assistant='conversation', allow_duplicate_names=False, single_target=False), preferences=MatchTargetsPreferences(area_id=None, floor_id=None)>","Sure, let me try that on the garage workshop fan."
vacuum.start,vacuum.dining_area_bissel,Dining area dirt remover,vacuum.bissel_dining_area,Could you start the vacuum in the dining area?,"<MatchFailedError result=MatchTargetsResult(is_match=False, no_match_reason=<MatchFailedReason.NAME: 1>, states=[], no_match_name=None, areas=[], floors=[]), constraints=MatchTargetsConstraints(name='vacuum.bissel_dining_area', area_name=None, floor_name=None, domains=None, device_classes=None, features=None, states=None, assistant='conversation', allow_duplicate_names=False, single_target=False), preferences=MatchTargetsPreferences(area_id=None, floor_id=None)>","Sure, I'll start the Dining area dirt remover instead."
media_player.turn_off,media_player.nintendo_switch,Nintendo Switch,media_player.nintendo_switched,Could you please turn off the Nintendo Switch?,"<MatchFailedError result=MatchTargetsResult(is_match=False, no_match_reason=<MatchFailedReason.NAME: 1>, states=[], no_match_name=None, areas=[], floors=[]), constraints=MatchTargetsConstraints(name='media_player.nintendo_switched', area_name=None, floor_name=None, domains=None, device_classes=None, features=None, states=None, assistant='conversation', allow_duplicate_names=False, single_target=False), preferences=MatchTargetsPreferences(area_id=None, floor_id=None)>","Sure, I'll try turning off the Nintendo Switch."
fan.turn_off,fan.outdoor_kitchen,Outdoor kitchen fan,fan.kitchen_outdoor,Turn off the outdoor kitchen fan.,"<MatchFailedError result=MatchTargetsResult(is_match=False, no_match_reason=<MatchFailedReason.NAME: 1>, states=[], no_match_name=None, areas=[], floors=[]), constraints=MatchTargetsConstraints(name='fan.kitchen_outdoor', area_name=None, floor_name=None, domains=None, device_classes=None, features=None, states=None, assistant='conversation', allow_duplicate_names=False, single_target=False), preferences=MatchTargetsPreferences(area_id=None, floor_id=None)>","Sure, I'll try the Outdoor kitchen fan now."
light.turn_off,light.downstairs_bathroom_warm,Downstairs Bathroom Warm Light,light.bathroom_warm_downstairs,Could you turn off the downstairs bathroom warm light?,"<MatchFailedError result=MatchTargetsResult(is_match=False, no_match_reason=<MatchFailedReason.NAME: 1>, states=[], no_match_name=None, areas=[], floors=[]), constraints=MatchTargetsConstraints(name='light.bathroom_warm_downstairs', area_name=None, floor_name=None, domains=None, device_classes=None, features=None, states=None, assistant='conversation', allow_duplicate_names=False, single_target=False), preferences=MatchTargetsPreferences(area_id=None, floor_id=None)>","Okay, I’ll switch off the Downstairs Bathroom Warm Light for you."
garage_door.open_cover,garage_door.guest,Guest Garage Door,garage_door.gues,Open the guest garage door.,"<MatchFailedError result=MatchTargetsResult(is_match=False, no_match_reason=<MatchFailedReason.NAME: 1>, states=[], no_match_name=None, areas=[], floors=[]), constraints=MatchTargetsConstraints(name='garage_door.gues', area_name=None, floor_name=None, domains=None, device_classes=None, features=None, states=None, assistant='conversation', allow_duplicate_names=False, single_target=False), preferences=MatchTargetsPreferences(area_id=None, floor_id=None)>","Sure, I’ll open the Guest Garage Door for you."
garage_door.open_cover,garage_door.upper_level,Upper Level Garage,garage_door.upper_lvl,"Hey, could you open the garage door cover on the upper level?","<MatchFailedError result=MatchTargetsResult(is_match=False, no_match_reason=<MatchFailedReason.NAME: 1>, states=[], no_match_name=None, areas=[], floors=[]), constraints=MatchTargetsConstraints(name='garage_door.upper_lvl', area_name=None, floor_name=None, domains=None, device_classes=None, features=None, states=None, assistant='conversation', allow_duplicate_names=False, single_target=False), preferences=MatchTargetsPreferences(area_id=None, floor_id=None)>","Got it, let me try with the Upper Level Garage."
fan.turn_off,fan.mudroom,Mudroom fan,fan.mudroom_extra,Could you turn off the mudroom fan?,"<MatchFailedError result=MatchTargetsResult(is_match=False, no_match_reason=<MatchFailedReason.NAME: 1>, states=[], no_match_name=None, areas=[], floors=[]), constraints=MatchTargetsConstraints(name='fan.mudroom_extra', area_name=None, floor_name=None, domains=None, device_classes=None, features=None, states=None, assistant='conversation', allow_duplicate_names=False, single_target=False), preferences=MatchTargetsPreferences(area_id=None, floor_id=None)>","Sure, turning off the Mudroom fan now."
media_player.volume_up,media_player.xbox_den,Den Xbox console,media_player.den_xbox,"Hey, could you increase the volume on the Xbox in the den?","<MatchFailedError result=MatchTargetsResult(is_match=False, no_match_reason=<MatchFailedReason.NAME: 1>, states=[], no_match_name=None, areas=[], floors=[]), constraints=MatchTargetsConstraints(name='media_player.den_xbox', area_name=None, floor_name=None, domains=None, device_classes=None, features=None, states=None, assistant='conversation', allow_duplicate_names=False, single_target=False), preferences=MatchTargetsPreferences(area_id=None, floor_id=None)>","Sure, adjusting the volume on the Den Xbox console."
blinds.stop_cover,blinds.skylight,Skylight Blinds,blinds.skylite,Stop the skylight blinds.,"<MatchFailedError result=MatchTargetsResult(is_match=False, no_match_reason=<MatchFailedReason.NAME: 1>, states=[], no_match_name=None, areas=[], floors=[]), constraints=MatchTargetsConstraints(name='blinds.skylite', area_name=None, floor_name=None, domains=None, device_classes=None, features=None, states=None, assistant='conversation', allow_duplicate_names=False, single_target=False), preferences=MatchTargetsPreferences(area_id=None, floor_id=None)>","Sure, I'll try that again with the Skylight Blinds."
fan.decrease_speed,fan.attic_2,Attic Fans,fan.attic2,Could you lower the speed of the attic fans?,"<MatchFailedError result=MatchTargetsResult(is_match=False, no_match_reason=<MatchFailedReason.NAME: 1>, states=[], no_match_name=None, areas=[], floors=[]), constraints=MatchTargetsConstraints(name='fan.attic2', area_name=None, floor_name=None, domains=None, device_classes=None, features=None, states=None, assistant='conversation', allow_duplicate_names=False, single_target=False), preferences=MatchTargetsPreferences(area_id=None, floor_id=None)>","Sure, adjusting the speed on Attic Fans."
light.toggle,light.back_nursery_warm,Back Nursery Warm Light,light.back_nurserywarm,Could you toggle the back nursery warm light?,"<MatchFailedError result=MatchTargetsResult(is_match=False, no_match_reason=<MatchFailedReason.NAME: 1>, states=[], no_match_name=None, areas=[], floors=[]), constraints=MatchTargetsConstraints(name='light.back_nurserywarm', area_name=None, floor_name=None, domains=None, device_classes=None, features=None, states=None, assistant='conversation', allow_duplicate_names=False, single_target=False), preferences=MatchTargetsPreferences(area_id=None, floor_id=None)>","Okay, I'll try the correct Back Nursery Warm Light."
vacuum.stop,vacuum.master_bedroom_shark,Master bedroom vacuum,vacuum.master_shark_bedroom,"Hey, could you stop the vacuum in the master bedroom?","<MatchFailedError result=MatchTargetsResult(is_match=False, no_match_reason=<MatchFailedReason.NAME: 1>, states=[], no_match_name=None, areas=[], floors=[]), constraints=MatchTargetsConstraints(name='vacuum.master_shark_bedroom', area_name=None, floor_name=None, domains=None, device_classes=None, features=None, states=None, assistant='conversation', allow_duplicate_names=False, single_target=False), preferences=MatchTargetsPreferences(area_id=None, floor_id=None)>","Got it, I'll stop the Master bedroom vacuum now."
switch.toggle,switch.pantry_lights,Pantry Lights Switch,switch.pantry_lights_switch,Could you turn off the pantry lights?,"<MatchFailedError result=MatchTargetsResult(is_match=False, no_match_reason=<MatchFailedReason.NAME: 1>, states=[], no_match_name=None, areas=[], floors=[]), constraints=MatchTargetsConstraints(name='switch.pantry_lights_switch', area_name=None, floor_name=None, domains=None, device_classes=None, features=None, states=None, assistant='conversation', allow_duplicate_names=False, single_target=False), preferences=MatchTargetsPreferences(area_id=None, floor_id=None)>","Okay, let me try the correct pantry lights switch."
switch.turn_on,switch.dining_room_lights,Dining Room Lights Switch,switch.dining_room_lgihts,"Turn on the dining room lights, please.","<MatchFailedError result=MatchTargetsResult(is_match=False, no_match_reason=<MatchFailedReason.NAME: 1>, states=[], no_match_name=None, areas=[], floors=[]), constraints=MatchTargetsConstraints(name='switch.dining_room_lgihts', area_name=None, floor_name=None, domains=None, device_classes=None, features=None, states=None, assistant='conversation', allow_duplicate_names=False, single_target=False), preferences=MatchTargetsPreferences(area_id=None, floor_id=None)>","No problem, I’ll use the Dining Room Lights Switch instead."
garage_door.stop_cover,garage_door.boat,Boat Garage Door,garage_door.boat_gate,Please stop the garage door.,"<MatchFailedError result=MatchTargetsResult(is_match=False, no_match_reason=<MatchFailedReason.NAME: 1>, states=[], no_match_name=None, areas=[], floors=[]), constraints=MatchTargetsConstraints(name='garage_door.boat_gate', area_name=None, floor_name=None, domains=None, device_classes=None, features=None, states=None, assistant='conversation', allow_duplicate_names=False, single_target=False), preferences=MatchTargetsPreferences(area_id=None, floor_id=None)>","Got it, I'll try again with the Boat Garage Door."
light.turn_on,light.front_laundry_ge,Front Laundry Light,light.front_laundry_gear,Turn on the front laundry light to cool white.,"<MatchFailedError result=MatchTargetsResult(is_match=False, no_match_reason=<MatchFailedReason.NAME: 1>, states=[], no_match_name=None, areas=[], floors=[]), constraints=MatchTargetsConstraints(name='light.front_laundry_gear', area_name=None, floor_name=None, domains=None, device_classes=None, features=None, states=None, assistant='conversation', allow_duplicate_names=False, single_target=False), preferences=MatchTargetsPreferences(area_id=None, floor_id=None)>","Got it, trying the Front Laundry Light now."
switch.turn_on,switch.pool_area_lighting,Pool area lighting control,switch.pool_area_lights_ctrl,Please turn on the pool area lighting.,"<MatchFailedError result=MatchTargetsResult(is_match=False, no_match_reason=<MatchFailedReason.NAME: 1>, states=[], no_match_name=None, areas=[], floors=[]), constraints=MatchTargetsConstraints(name='switch.pool_area_lights_ctrl', area_name=None, floor_name=None, domains=None, device_classes=None, features=None, states=None, assistant='conversation', allow_duplicate_names=False, single_target=False), preferences=MatchTargetsPreferences(area_id=None, floor_id=None)>","Sure, I’ll try the Pool area lighting control now."
garage_door.stop_cover,garage_door.left_door,Left Garage Door,garage_door.leftdoor,Please stop the left garage door.,"<MatchFailedError result=MatchTargetsResult(is_match=False, no_match_reason=<MatchFailedReason.NAME: 1>, states=[], no_match_name=None, areas=[], floors=[]), constraints=MatchTargetsConstraints(name='garage_door.leftdoor', area_name=None, floor_name=None, domains=None, device_classes=None, features=None, states=None, assistant='conversation', allow_duplicate_names=False, single_target=False), preferences=MatchTargetsPreferences(area_id=None, floor_id=None)>","Got it, trying again with the left garage door."
lock.unlock,lock.den,Den Lock,lock.din,Can you unlock the den lock?,"<MatchFailedError result=MatchTargetsResult(is_match=False, no_match_reason=<MatchFailedReason.NAME: 1>, states=[], no_match_name=None, areas=[], floors=[]), constraints=MatchTargetsConstraints(name='lock.din', area_name=None, floor_name=None, domains=None, device_classes=None, features=None, states=None, assistant='conversation', allow_duplicate_names=False, single_target=False), preferences=MatchTargetsPreferences(area_id=None, floor_id=None)>","Sure, I'll try unlocking the Den Lock."
media_player.turn_on,media_player.bose_home_speaker,Bose Wireless Speaker,media_player.bose_home_sound,Could you turn on the Bose Wireless Speaker?,"<MatchFailedError result=MatchTargetsResult(is_match=False, no_match_reason=<MatchFailedReason.NAME: 1>, states=[], no_match_name=None, areas=[], floors=[]), constraints=MatchTargetsConstraints(name='media_player.bose_home_sound', area_name=None, floor_name=None, domains=None, device_classes=None, features=None, states=None, assistant='conversation', allow_duplicate_names=False, single_target=False), preferences=MatchTargetsPreferences(area_id=None, floor_id=None)>","Sure, I'll try turning on the Bose Wireless Speaker."
switch.toggle,switch.sauna_heater,Sauna heater control,switch.sauna_heater_ctrl,"Could you toggle the sauna heater, please?","<MatchFailedError result=MatchTargetsResult(is_match=False, no_match_reason=<MatchFailedReason.NAME: 1>, states=[], no_match_name=None, areas=[], floors=[]), constraints=MatchTargetsConstraints(name='switch.sauna_heater_ctrl', area_name=None, floor_name=None, domains=None, device_classes=None, features=None, states=None, assistant='conversation', allow_duplicate_names=False, single_target=False), preferences=MatchTargetsPreferences(area_id=None, floor_id=None)>","Sure, I'll use the correct Sauna heater control."
vacuum.stop,vacuum.mudroom_entry,Mudroom entry vacuum,vacuum.entry_mudroom,Could you please stop the vacuum in the mudroom entry?,"<MatchFailedError result=MatchTargetsResult(is_match=False, no_match_reason=<MatchFailedReason.NAME: 1>, states=[], no_match_name=None, areas=[], floors=[]), constraints=MatchTargetsConstraints(name='vacuum.entry_mudroom', area_name=None, floor_name=None, domains=None, device_classes=None, features=None, states=None, assistant='conversation', allow_duplicate_names=False, single_target=False), preferences=MatchTargetsPreferences(area_id=None, floor_id=None)>","Sure, I’ll try again with the Mudroom entry vacuum."
switch.toggle,switch.terrace_lighting,Terrace lighting control,switch.terrace_lighting_backup,Could you turn off the terrace lighting?,"<MatchFailedError result=MatchTargetsResult(is_match=False, no_match_reason=<MatchFailedReason.NAME: 1>, states=[], no_match_name=None, areas=[], floors=[]), constraints=MatchTargetsConstraints(name='switch.terrace_lighting_backup', area_name=None, floor_name=None, domains=None, device_classes=None, features=None, states=None, assistant='conversation', allow_duplicate_names=False, single_target=False), preferences=MatchTargetsPreferences(area_id=None, floor_id=None)>","Got it, I'll use the correct Terrace lighting control."
lock.lock,lock.solarium,Solarium Lock,lock.solarium_main,Could you lock the Solarium for me?,"<MatchFailedError result=MatchTargetsResult(is_match=False, no_match_reason=<MatchFailedReason.NAME: 1>, states=[], no_match_name=None, areas=[], floors=[]), constraints=MatchTargetsConstraints(name='lock.solarium_main', area_name=None, floor_name=None, domains=None, device_classes=None, features=None, states=None, assistant='conversation', allow_duplicate_names=False, single_target=False), preferences=MatchTargetsPreferences(area_id=None, floor_id=None)>","Sure, I'll try the Solarium Lock now."
media_player.volume_down,media_player.roku_bedroom,Roku Master Bedroom,media_player.roku_master_bedroom,Could you turn the volume down on Roku Master Bedroom?,"<MatchFailedError result=MatchTargetsResult(is_match=False, no_match_reason=<MatchFailedReason.NAME: 1>, states=[], no_match_name=None, areas=[], floors=[]), constraints=MatchTargetsConstraints(name='media_player.roku_master_bedroom', area_name=None, floor_name=None, domains=None, device_classes=None, features=None, states=None, assistant='conversation', allow_duplicate_names=False, single_target=False), preferences=MatchTargetsPreferences(area_id=None, floor_id=None)>","Sure, adjusting the volume on Roku Master Bedroom."
media_player.turn_on,media_player.apple_tv_4k,Apple 4K Streaming Device,media_player.apple_tv_4k_livingroom,Could you turn on the Apple 4K Streaming Device?,"<MatchFailedError result=MatchTargetsResult(is_match=False, no_match_reason=<MatchFailedReason.NAME: 1>, states=[], no_match_name=None, areas=[], floors=[]), constraints=MatchTargetsConstraints(name='media_player.apple_tv_4k_livingroom', area_name=None, floor_name=None, domains=None, device_classes=None, features=None, states=None, assistant='conversation', allow_duplicate_names=False, single_target=False), preferences=MatchTargetsPreferences(area_id=None, floor_id=None)>","Okay, trying again with the Apple 4K Streaming Device."
lock.unlock,lock.tool_shed,Tool Shed Lock,lock.shed_tool,Could you unlock the tool shed lock for me?,"<MatchFailedError result=MatchTargetsResult(is_match=False, no_match_reason=<MatchFailedReason.NAME: 1>, states=[], no_match_name=None, areas=[], floors=[]), constraints=MatchTargetsConstraints(name='lock.shed_tool', area_name=None, floor_name=None, domains=None, device_classes=None, features=None, states=None, assistant='conversation', allow_duplicate_names=False, single_target=False), preferences=MatchTargetsPreferences(area_id=None, floor_id=None)>","Sure, I'll try the correct device (lock.tool_shed) now."
media_player.media_play_pause,media_player.playstation_5,Sony PS5,media_player.play_station_5,Can you pause the media on my Sony PS5?,"<MatchFailedError result=MatchTargetsResult(is_match=False, no_match_reason=<MatchFailedReason.NAME: 1>, states=[], no_match_name=None, areas=[], floors=[]), constraints=MatchTargetsConstraints(name='media_player.play_station_5', area_name=None, floor_name=None, domains=None, device_classes=None, features=None, states=None, assistant='conversation', allow_duplicate_names=False, single_target=False), preferences=MatchTargetsPreferences(area_id=None, floor_id=None)>","Sure, I'll try that on Sony PS5."
media_player.turn_off,media_player.roku_living,Roku Living Room,media_player.roku_livingroom,Turn off the Roku in the living room.,"<MatchFailedError result=MatchTargetsResult(is_match=False, no_match_reason=<MatchFailedReason.NAME: 1>, states=[], no_match_name=None, areas=[], floors=[]), constraints=MatchTargetsConstraints(name='media_player.roku_livingroom', area_name=None, floor_name=None, domains=None, device_classes=None, features=None, states=None, assistant='conversation', allow_duplicate_names=False, single_target=False), preferences=MatchTargetsPreferences(area_id=None, floor_id=None)>","Okay, I'll turn off Roku Living Room instead."
vacuum.start,vacuum.living_room_roomba,Living room vacuum,vacuum.living_room_roombax,"Start the living room vacuum, please.","<MatchFailedError result=MatchTargetsResult(is_match=False, no_match_reason=<MatchFailedReason.NAME: 1>, states=[], no_match_name=None, areas=[], floors=[]), constraints=MatchTargetsConstraints(name='vacuum.living_room_roombax', area_name=None, floor_name=None, domains=None, device_classes=None, features=None, states=None, assistant='conversation', allow_duplicate_names=False, single_target=False), preferences=MatchTargetsPreferences(area_id=None, floor_id=None)>","Sure, I'll start the Living room vacuum for you."
climate.turn_off,climate.zen_wifi_thermostat,Zen Thermostat WiFi Edition,climate.zen_wifith_thermostat,Could you turn off the Zen Thermostat WiFi Edition?,"<MatchFailedError result=MatchTargetsResult(is_match=False, no_match_reason=<MatchFailedReason.NAME: 1>, states=[], no_match_name=None, areas=[], floors=[]), constraints=MatchTargetsConstraints(name='climate.zen_wifith_thermostat', area_name=None, floor_name=None, domains=None, device_classes=None, features=None, states=None, assistant='conversation', allow_duplicate_names=False, single_target=False), preferences=MatchTargetsPreferences(area_id=None, floor_id=None)>","Sure, I’ll turn off the thermostat now."
garage_door.toggle,garage_door.main,Main Garage Door,garage_door.main_gate,Could you toggle the garage door?,"<MatchFailedError result=MatchTargetsResult(is_match=False, no_match_reason=<MatchFailedReason.NAME: 1>, states=[], no_match_name=None, areas=[], floors=[]), constraints=MatchTargetsConstraints(name='garage_door.main_gate', area_name=None, floor_name=None, domains=None, device_classes=None, features=None, states=None, assistant='conversation', allow_duplicate_names=False, single_target=False), preferences=MatchTargetsPreferences(area_id=None, floor_id=None)>","Sure, I'll try that with the Main Garage Door."
blinds.stop_cover,blinds.patio,Patio Blinds,blinds.patio_cover,"Hey, stop the patio blinds.","<MatchFailedError result=MatchTargetsResult(is_match=False, no_match_reason=<MatchFailedReason.NAME: 1>, states=[], no_match_name=None, areas=[], floors=[]), constraints=MatchTargetsConstraints(name='blinds.patio_cover', area_name=None, floor_name=None, domains=None, device_classes=None, features=None, states=None, assistant='conversation', allow_duplicate_names=False, single_target=False), preferences=MatchTargetsPreferences(area_id=None, floor_id=None)>","Sure, I'll try again with the Patio Blinds."
light.toggle,light.upstairs_basement_zwave,Upstairs Basement Light,light.upstairs_basement_zwave_extra,Turn on the upstairs basement light.,"<MatchFailedError result=MatchTargetsResult(is_match=False, no_match_reason=<MatchFailedReason.NAME: 1>, states=[], no_match_name=None, areas=[], floors=[]), constraints=MatchTargetsConstraints(name='light.upstairs_basement_zwave_extra', area_name=None, floor_name=None, domains=None, device_classes=None, features=None, states=None, assistant='conversation', allow_duplicate_names=False, single_target=False), preferences=MatchTargetsPreferences(area_id=None, floor_id=None)>","Okay, let me try the Upstairs Basement Light."
blinds.close_cover,blinds.bathroom,Bathroom Blinds,blinds.bathroam,"Close the bathroom blinds, please.","<MatchFailedError result=MatchTargetsResult(is_match=False, no_match_reason=<MatchFailedReason.NAME: 1>, states=[], no_match_name=None, areas=[], floors=[]), constraints=MatchTargetsConstraints(name='blinds.bathroam', area_name=None, floor_name=None, domains=None, device_classes=None, features=None, states=None, assistant='conversation', allow_duplicate_names=False, single_target=False), preferences=MatchTargetsPreferences(area_id=None, floor_id=None)>","Sure, I'll try that again with the bathroom blinds."
media_player.turn_on,media_player.xbox_one,Xbox One,media_player.xobx_one,Can you turn on the Xbox One?,"<MatchFailedError result=MatchTargetsResult(is_match=False, no_match_reason=<MatchFailedReason.NAME: 1>, states=[], no_match_name=None, areas=[], floors=[]), constraints=MatchTargetsConstraints(name='media_player.xobx_one', area_name=None, floor_name=None, domains=None, device_classes=None, features=None, states=None, assistant='conversation', allow_duplicate_names=False, single_target=False), preferences=MatchTargetsPreferences(area_id=None, floor_id=None)>","Sure thing, I'll try turning on the Xbox One now."
lock.lock,lock.office,Office Lock,office.lock,Could you lock the office door for me?,"<MatchFailedError result=MatchTargetsResult(is_match=False, no_match_reason=<MatchFailedReason.NAME: 1>, states=[], no_match_name=None, areas=[], floors=[]), constraints=MatchTargetsConstraints(name='office.lock', area_name=None, floor_name=None, domains=None, device_classes=None, features=None, states=None, assistant='conversation', allow_duplicate_names=False, single_target=False), preferences=MatchTargetsPreferences(area_id=None, floor_id=None)>","Sure, I'll lock the Office Lock instead."
climate.turn_on,climate.humidor_control,Humidor Climate Control,climate.humidor_ctrl,Turn on the humidor climate control.,"<MatchFailedError result=MatchTargetsResult(is_match=False, no_match_reason=<MatchFailedReason.NAME: 1>, states=[], no_match_name=None, areas=[], floors=[]), constraints=MatchTargetsConstraints(name='climate.humidor_ctrl', area_name=None, floor_name=None, domains=None, device_classes=None, features=None, states=None, assistant='conversation', allow_duplicate_names=False, single_target=False), preferences=MatchTargetsPreferences(area_id=None, floor_id=None)>","Sure, I’ll use the Humidor Climate Control instead."
garage_door.close_cover,garage_door.liftmaster_2,LiftMaster,garage_door.liftmaster_2_backup,"Close the garage door, please.","<MatchFailedError result=MatchTargetsResult(is_match=False, no_match_reason=<MatchFailedReason.NAME: 1>, states=[], no_match_name=None, areas=[], floors=[]), constraints=MatchTargetsConstraints(name='garage_door.liftmaster_2_backup', area_name=None, floor_name=None, domains=None, device_classes=None, features=None, states=None, assistant='conversation', allow_duplicate_names=False, single_target=False), preferences=MatchTargetsPreferences(area_id=None, floor_id=None)>","Got it, I'll try again with the LiftMaster garage door."
light.turn_on,light.front_office_mqtt,Front Office Light,light.front_offic_mqtt,Can you turn on the front office light?,"<MatchFailedError result=MatchTargetsResult(is_match=False, no_match_reason=<MatchFailedReason.NAME: 1>, states=[], no_match_name=None, areas=[], floors=[]), constraints=MatchTargetsConstraints(name='light.front_offic_mqtt', area_name=None, floor_name=None, domains=None, device_classes=None, features=None, states=None, assistant='conversation', allow_duplicate_names=False, single_target=False), preferences=MatchTargetsPreferences(area_id=None, floor_id=None)>","Sure thing, I'll try the Front Office Light now."
switch.turn_on,switch.utility_room_lights,Utility Room Lights Switch,switch.utilityroom_lights,"Turn on the utility room lights, please.","<MatchFailedError result=MatchTargetsResult(is_match=False, no_match_reason=<MatchFailedReason.NAME: 1>, states=[], no_match_name=None, areas=[], floors=[]), constraints=MatchTargetsConstraints(name='switch.utilityroom_lights', area_name=None, floor_name=None, domains=None, device_classes=None, features=None, states=None, assistant='conversation', allow_duplicate_names=False, single_target=False), preferences=MatchTargetsPreferences(area_id=None, floor_id=None)>","Okay, I’ll try again with the Utility Room Lights Switch."
blinds.open_cover,blinds.conservatory,Conservatory Blinds,blinds_conservatory,"Could you open the conservatory blinds, please?","<MatchFailedError result=MatchTargetsResult(is_match=False, no_match_reason=<MatchFailedReason.NAME: 1>, states=[], no_match_name=None, areas=[], floors=[]), constraints=MatchTargetsConstraints(name='blinds_conservatory', area_name=None, floor_name=None, domains=None, device_classes=None, features=None, states=None, assistant='conversation', allow_duplicate_names=False, single_target=False), preferences=MatchTargetsPreferences(area_id=None, floor_id=None)>","Got it, I'll try again with the Conservatory Blinds."
switch.turn_off,switch.outdoor_security_lights,Outdoor Security Lights Switch,switch.outdoor_security_lights_main,Please turn off the outdoor security lights.,"<MatchFailedError result=MatchTargetsResult(is_match=False, no_match_reason=<MatchFailedReason.NAME: 1>, states=[], no_match_name=None, areas=[], floors=[]), constraints=MatchTargetsConstraints(name='switch.outdoor_security_lights_main', area_name=None, floor_name=None, domains=None, device_classes=None, features=None, states=None, assistant='conversation', allow_duplicate_names=False, single_target=False), preferences=MatchTargetsPreferences(area_id=None, floor_id=None)>","Got it, I'll try turning off the outdoor security lights."
climate.turn_on,climate.tado_smart,Tado Smart Thermostat,climate.tado_smartplus,"Could you turn on the climate, please?","<MatchFailedError result=MatchTargetsResult(is_match=False, no_match_reason=<MatchFailedReason.NAME: 1>, states=[], no_match_name=None, areas=[], floors=[]), constraints=MatchTargetsConstraints(name='climate.tado_smartplus', area_name=None, floor_name=None, domains=None, device_classes=None, features=None, states=None, assistant='conversation', allow_duplicate_names=False, single_target=False), preferences=MatchTargetsPreferences(area_id=None, floor_id=None)>","Sure, I'll try again with the Tado Smart Thermostat."
lock.unlock,lock.fence_gate,Fence gate lock,lock.fenc_gate,"Could you unlock the fence gate, please?","<MatchFailedError result=MatchTargetsResult(is_match=False, no_match_reason=<MatchFailedReason.NAME: 1>, states=[], no_match_name=None, areas=[], floors=[]), constraints=MatchTargetsConstraints(name='lock.fenc_gate', area_name=None, floor_name=None, domains=None, device_classes=None, features=None, states=None, assistant='conversation', allow_duplicate_names=False, single_target=False), preferences=MatchTargetsPreferences(area_id=None, floor_id=None)>","Sure, I’ll try again with the correct lock."
light.turn_off,light.basement_bar_cool,Basement Bar Cool Light,light.basement_bar_cooler,Could you turn off the basement bar cool light?,"<MatchFailedError result=MatchTargetsResult(is_match=False, no_match_reason=<MatchFailedReason.NAME: 1>, states=[], no_match_name=None, areas=[], floors=[]), constraints=MatchTargetsConstraints(name='light.basement_bar_cooler', area_name=None, floor_name=None, domains=None, device_classes=None, features=None, states=None, assistant='conversation', allow_duplicate_names=False, single_target=False), preferences=MatchTargetsPreferences(area_id=None, floor_id=None)>","Okay, I'll switch off the Basement Bar Cool Light."
lock.lock,lock.office,Office Lock,lock.offic,Please lock the office door.,"<MatchFailedError result=MatchTargetsResult(is_match=False, no_match_reason=<MatchFailedReason.NAME: 1>, states=[], no_match_name=None, areas=[], floors=[]), constraints=MatchTargetsConstraints(name='lock.offic', area_name=None, floor_name=None, domains=None, device_classes=None, features=None, states=None, assistant='conversation', allow_duplicate_names=False, single_target=False), preferences=MatchTargetsPreferences(area_id=None, floor_id=None)>","Sure, I'll try again with the Office Lock."
blinds.toggle,blinds.living_room_large,Main living room blinds,blinds.living_rm_large,Could you toggle the main living room blinds?,"<MatchFailedError result=MatchTargetsResult(is_match=False, no_match_reason=<MatchFailedReason.NAME: 1>, states=[], no_match_name=None, areas=[], floors=[]), constraints=MatchTargetsConstraints(name='blinds.living_rm_large', area_name=None, floor_name=None, domains=None, device_classes=None, features=None, states=None, assistant='conversation', allow_duplicate_names=False, single_target=False), preferences=MatchTargetsPreferences(area_id=None, floor_id=None)>","Sure, I’ll try again with the correct device."
vacuum.start,vacuum.front_hall_samsung,Front hall sweeping bot,vacuum.front_hall_samsunx,"Start the vacuum in the front hall, please.","<MatchFailedError result=MatchTargetsResult(is_match=False, no_match_reason=<MatchFailedReason.NAME: 1>, states=[], no_match_name=None, areas=[], floors=[]), constraints=MatchTargetsConstraints(name='vacuum.front_hall_samsunx', area_name=None, floor_name=None, domains=None, device_classes=None, features=None, states=None, assistant='conversation', allow_duplicate_names=False, single_target=False), preferences=MatchTargetsPreferences(area_id=None, floor_id=None)>","Okay, I’ll try the Front hall sweeping bot."
climate.set_temperature,climate.trane_comfortlink_ii,Trane ComfortLink II XL1050,climate.trane_comfortlink_iix,Set the thermostat to <temp_f> degrees.,"<MatchFailedError result=MatchTargetsResult(is_match=False, no_match_reason=<MatchFailedReason.NAME: 1>, states=[], no_match_name=None, areas=[], floors=[]), constraints=MatchTargetsConstraints(name='climate.trane_comfortlink_iix', area_name=None, floor_name=None, domains=None, device_classes=None, features=None, states=None, assistant='conversation', allow_duplicate_names=False, single_target=False), preferences=MatchTargetsPreferences(area_id=None, floor_id=None)>","Okay, I'll try the Trane ComfortLink II now."
vacuum.return_to_base,vacuum.greenhouse_sweeper,Greenhouse floor sweeper,vacuum.greenhouse_sweeper_pro,"Could you send the vacuum back to its base, please?","<MatchFailedError result=MatchTargetsResult(is_match=False, no_match_reason=<MatchFailedReason.NAME: 1>, states=[], no_match_name=None, areas=[], floors=[]), constraints=MatchTargetsConstraints(name='vacuum.greenhouse_sweeper_pro', area_name=None, floor_name=None, domains=None, device_classes=None, features=None, states=None, assistant='conversation', allow_duplicate_names=False, single_target=False), preferences=MatchTargetsPreferences(area_id=None, floor_id=None)>","Sure, I'll try that again with the correct device."
media_player.turn_on,media_player.harman_kardon_aura,Harman Kardon Glass Speaker,media_player.harmonkardon_aura,"Turn on the Harman Kardon Glass Speaker, please.","<MatchFailedError result=MatchTargetsResult(is_match=False, no_match_reason=<MatchFailedReason.NAME: 1>, states=[], no_match_name=None, areas=[], floors=[]), constraints=MatchTargetsConstraints(name='media_player.harmonkardon_aura', area_name=None, floor_name=None, domains=None, device_classes=None, features=None, states=None, assistant='conversation', allow_duplicate_names=False, single_target=False), preferences=MatchTargetsPreferences(area_id=None, floor_id=None)>","Sure, I'll try turning on the Harman Kardon Glass Speaker."
fan.turn_on,fan.shed,Shed fan,fan.shedroom,Can you turn on the shed fan?,"<MatchFailedError result=MatchTargetsResult(is_match=False, no_match_reason=<MatchFailedReason.NAME: 1>, states=[], no_match_name=None, areas=[], floors=[]), constraints=MatchTargetsConstraints(name='fan.shedroom', area_name=None, floor_name=None, domains=None, device_classes=None, features=None, states=None, assistant='conversation', allow_duplicate_names=False, single_target=False), preferences=MatchTargetsPreferences(area_id=None, floor_id=None)>","No problem, I’ll try again with the Shed fan."
vacuum.stop,vacuum.art_studio_cleaner,Art studio dust collector,vacuum.artstudio_cleaner,Could you stop the vacuum in the art studio?,"<MatchFailedError result=MatchTargetsResult(is_match=False, no_match_reason=<MatchFailedReason.NAME: 1>, states=[], no_match_name=None, areas=[], floors=[]), constraints=MatchTargetsConstraints(name='vacuum.artstudio_cleaner', area_name=None, floor_name=None, domains=None, device_classes=None, features=None, states=None, assistant='conversation', allow_duplicate_names=False, single_target=False), preferences=MatchTargetsPreferences(area_id=None, floor_id=None)>","Sure, I'll stop the Art studio dust collector."
light.turn_off,light.master_bedroom_lamp,Master Bedroom Lamp,light.master_bedroom_lamp_ctrl,Could you turn off the master bedroom lamp?,"<MatchFailedError result=MatchTargetsResult(is_match=False, no_match_reason=<MatchFailedReason.NAME: 1>, states=[], no_match_name=None, areas=[], floors=[]), constraints=MatchTargetsConstraints(name='light.master_bedroom_lamp_ctrl', area_name=None, floor_name=None, domains=None, device_classes=None, features=None, states=None, assistant='conversation', allow_duplicate_names=False, single_target=False), preferences=MatchTargetsPreferences(area_id=None, floor_id=None)>","Sure, I'll try again with the Master Bedroom Lamp."
climate.turn_off,climate.humidor_control,Humidor Climate Control,climate.humidor_ctrl,Please turn off the humidor climate control.,"<MatchFailedError result=MatchTargetsResult(is_match=False, no_match_reason=<MatchFailedReason.NAME: 1>, states=[], no_match_name=None, areas=[], floors=[]), constraints=MatchTargetsConstraints(name='climate.humidor_ctrl', area_name=None, floor_name=None, domains=None, device_classes=None, features=None, states=None, assistant='conversation', allow_duplicate_names=False, single_target=False), preferences=MatchTargetsPreferences(area_id=None, floor_id=None)>","Okay, trying again with the Humidor Climate Control."
vacuum.return_to_base,vacuum.workshop_floor,Workshop floor cleaner,vacuum.workshop_floors,Could you send the workshop floor cleaner back to its base?,"<MatchFailedError result=MatchTargetsResult(is_match=False, no_match_reason=<MatchFailedReason.NAME: 1>, states=[], no_match_name=None, areas=[], floors=[]), constraints=MatchTargetsConstraints(name='vacuum.workshop_floors', area_name=None, floor_name=None, domains=None, device_classes=None, features=None, states=None, assistant='conversation', allow_duplicate_names=False, single_target=False), preferences=MatchTargetsPreferences(area_id=None, floor_id=None)>","Got it, sending the Workshop floor cleaner back to its base."
